JXNU/Emb+RNNLM+QuEst+SVM	1	0.244280	1170
JXNU/Emb+RNNLM+QuEst+SVM	2	0.330386	1664
JXNU/Emb+RNNLM+QuEst+SVM	3	0.080308	44
JXNU/Emb+RNNLM+QuEst+SVM	4	0.165466	396
JXNU/Emb+RNNLM+QuEst+SVM	5	0.120408	140
JXNU/Emb+RNNLM+QuEst+SVM	6	0.159896	356
JXNU/Emb+RNNLM+QuEst+SVM	7	0.250158	1217
JXNU/Emb+RNNLM+QuEst+SVM	8	0.364436	1729
JXNU/Emb+RNNLM+QuEst+SVM	9	0.174517	464
JXNU/Emb+RNNLM+QuEst+SVM	10	0.146488	264
JXNU/Emb+RNNLM+QuEst+SVM	11	0.214061	876
JXNU/Emb+RNNLM+QuEst+SVM	12	0.194976	683
JXNU/Emb+RNNLM+QuEst+SVM	13	0.219264	925
JXNU/Emb+RNNLM+QuEst+SVM	14	0.250790	1220
JXNU/Emb+RNNLM+QuEst+SVM	15	0.408529	1774
JXNU/Emb+RNNLM+QuEst+SVM	16	0.218757	919
JXNU/Emb+RNNLM+QuEst+SVM	17	0.256417	1273
JXNU/Emb+RNNLM+QuEst+SVM	18	0.149374	283
JXNU/Emb+RNNLM+QuEst+SVM	19	0.251658	1226
JXNU/Emb+RNNLM+QuEst+SVM	20	0.209279	822
JXNU/Emb+RNNLM+QuEst+SVM	21	0.174985	474
JXNU/Emb+RNNLM+QuEst+SVM	22	0.217994	911
JXNU/Emb+RNNLM+QuEst+SVM	23	0.170780	438
JXNU/Emb+RNNLM+QuEst+SVM	24	0.154747	324
JXNU/Emb+RNNLM+QuEst+SVM	25	0.193466	668
JXNU/Emb+RNNLM+QuEst+SVM	26	0.231803	1046
JXNU/Emb+RNNLM+QuEst+SVM	27	0.248289	1201
JXNU/Emb+RNNLM+QuEst+SVM	28	0.262332	1316
JXNU/Emb+RNNLM+QuEst+SVM	29	0.251891	1229
JXNU/Emb+RNNLM+QuEst+SVM	30	0.119519	137
JXNU/Emb+RNNLM+QuEst+SVM	31	0.266092	1340
JXNU/Emb+RNNLM+QuEst+SVM	32	0.276942	1415
JXNU/Emb+RNNLM+QuEst+SVM	33	0.187493	601
JXNU/Emb+RNNLM+QuEst+SVM	34	0.376480	1745
JXNU/Emb+RNNLM+QuEst+SVM	35	0.129453	183
JXNU/Emb+RNNLM+QuEst+SVM	36	0.258890	1290
JXNU/Emb+RNNLM+QuEst+SVM	37	0.194664	681
JXNU/Emb+RNNLM+QuEst+SVM	38	0.146542	266
JXNU/Emb+RNNLM+QuEst+SVM	39	0.179671	519
JXNU/Emb+RNNLM+QuEst+SVM	40	0.220841	939
JXNU/Emb+RNNLM+QuEst+SVM	41	0.280351	1441
JXNU/Emb+RNNLM+QuEst+SVM	42	0.292065	1509
JXNU/Emb+RNNLM+QuEst+SVM	43	0.150578	293
JXNU/Emb+RNNLM+QuEst+SVM	44	0.339999	1688
JXNU/Emb+RNNLM+QuEst+SVM	45	0.211248	842
JXNU/Emb+RNNLM+QuEst+SVM	46	0.312534	1601
JXNU/Emb+RNNLM+QuEst+SVM	47	0.082424	49
JXNU/Emb+RNNLM+QuEst+SVM	48	0.266257	1344
JXNU/Emb+RNNLM+QuEst+SVM	49	0.164788	390
JXNU/Emb+RNNLM+QuEst+SVM	50	0.187992	608
JXNU/Emb+RNNLM+QuEst+SVM	51	0.187677	604
JXNU/Emb+RNNLM+QuEst+SVM	52	0.160792	365
JXNU/Emb+RNNLM+QuEst+SVM	53	0.205781	792
JXNU/Emb+RNNLM+QuEst+SVM	54	0.253616	1243
JXNU/Emb+RNNLM+QuEst+SVM	55	0.192452	654
JXNU/Emb+RNNLM+QuEst+SVM	56	0.312029	1598
JXNU/Emb+RNNLM+QuEst+SVM	57	0.344610	1699
JXNU/Emb+RNNLM+QuEst+SVM	58	0.371910	1737
JXNU/Emb+RNNLM+QuEst+SVM	59	0.201212	752
JXNU/Emb+RNNLM+QuEst+SVM	60	0.200433	742
JXNU/Emb+RNNLM+QuEst+SVM	61	0.146125	260
JXNU/Emb+RNNLM+QuEst+SVM	62	0.247287	1190
JXNU/Emb+RNNLM+QuEst+SVM	63	0.229604	1020
JXNU/Emb+RNNLM+QuEst+SVM	64	0.500969	1811
JXNU/Emb+RNNLM+QuEst+SVM	65	0.143815	248
JXNU/Emb+RNNLM+QuEst+SVM	66	0.195754	692
JXNU/Emb+RNNLM+QuEst+SVM	67	0.263502	1321
JXNU/Emb+RNNLM+QuEst+SVM	68	0.228158	1010
JXNU/Emb+RNNLM+QuEst+SVM	69	0.188303	610
JXNU/Emb+RNNLM+QuEst+SVM	70	0.181822	538
JXNU/Emb+RNNLM+QuEst+SVM	71	0.215695	890
JXNU/Emb+RNNLM+QuEst+SVM	72	0.200677	744
JXNU/Emb+RNNLM+QuEst+SVM	73	0.206908	800
JXNU/Emb+RNNLM+QuEst+SVM	74	0.230556	1031
JXNU/Emb+RNNLM+QuEst+SVM	75	0.323159	1637
JXNU/Emb+RNNLM+QuEst+SVM	76	0.237361	1104
JXNU/Emb+RNNLM+QuEst+SVM	77	0.180279	524
JXNU/Emb+RNNLM+QuEst+SVM	78	0.336689	1680
JXNU/Emb+RNNLM+QuEst+SVM	79	0.116616	125
JXNU/Emb+RNNLM+QuEst+SVM	80	0.155471	332
JXNU/Emb+RNNLM+QuEst+SVM	81	0.323695	1638
JXNU/Emb+RNNLM+QuEst+SVM	82	0.260949	1305
JXNU/Emb+RNNLM+QuEst+SVM	83	0.207066	802
JXNU/Emb+RNNLM+QuEst+SVM	84	0.086750	58
JXNU/Emb+RNNLM+QuEst+SVM	85	0.434192	1788
JXNU/Emb+RNNLM+QuEst+SVM	86	0.221551	947
JXNU/Emb+RNNLM+QuEst+SVM	87	0.291070	1505
JXNU/Emb+RNNLM+QuEst+SVM	88	0.184443	561
JXNU/Emb+RNNLM+QuEst+SVM	89	0.152063	307
JXNU/Emb+RNNLM+QuEst+SVM	90	0.256636	1275
JXNU/Emb+RNNLM+QuEst+SVM	91	0.314751	1609
JXNU/Emb+RNNLM+QuEst+SVM	92	0.068627	33
JXNU/Emb+RNNLM+QuEst+SVM	93	0.228364	1012
JXNU/Emb+RNNLM+QuEst+SVM	94	0.276081	1409
JXNU/Emb+RNNLM+QuEst+SVM	95	0.215900	892
JXNU/Emb+RNNLM+QuEst+SVM	96	0.200759	748
JXNU/Emb+RNNLM+QuEst+SVM	97	0.114393	117
JXNU/Emb+RNNLM+QuEst+SVM	98	0.276093	1410
JXNU/Emb+RNNLM+QuEst+SVM	99	0.320521	1630
JXNU/Emb+RNNLM+QuEst+SVM	100	0.240552	1138
JXNU/Emb+RNNLM+QuEst+SVM	101	0.177124	495
JXNU/Emb+RNNLM+QuEst+SVM	102	0.289237	1496
JXNU/Emb+RNNLM+QuEst+SVM	103	0.402305	1768
JXNU/Emb+RNNLM+QuEst+SVM	104	0.286672	1476
JXNU/Emb+RNNLM+QuEst+SVM	105	0.256342	1271
JXNU/Emb+RNNLM+QuEst+SVM	106	0.154601	322
JXNU/Emb+RNNLM+QuEst+SVM	107	0.264815	1329
JXNU/Emb+RNNLM+QuEst+SVM	108	0.214207	880
JXNU/Emb+RNNLM+QuEst+SVM	109	0.178621	509
JXNU/Emb+RNNLM+QuEst+SVM	110	0.256295	1269
JXNU/Emb+RNNLM+QuEst+SVM	111	0.210945	835
JXNU/Emb+RNNLM+QuEst+SVM	112	0.306537	1577
JXNU/Emb+RNNLM+QuEst+SVM	113	0.189661	633
JXNU/Emb+RNNLM+QuEst+SVM	114	0.181019	531
JXNU/Emb+RNNLM+QuEst+SVM	115	0.087502	59
JXNU/Emb+RNNLM+QuEst+SVM	116	0.149871	285
JXNU/Emb+RNNLM+QuEst+SVM	117	0.211803	847
JXNU/Emb+RNNLM+QuEst+SVM	118	0.041184	9
JXNU/Emb+RNNLM+QuEst+SVM	119	0.484362	1806
JXNU/Emb+RNNLM+QuEst+SVM	120	0.174174	462
JXNU/Emb+RNNLM+QuEst+SVM	121	0.232396	1050
JXNU/Emb+RNNLM+QuEst+SVM	122	0.240507	1137
JXNU/Emb+RNNLM+QuEst+SVM	123	0.178579	508
JXNU/Emb+RNNLM+QuEst+SVM	124	0.230566	1032
JXNU/Emb+RNNLM+QuEst+SVM	125	0.292594	1512
JXNU/Emb+RNNLM+QuEst+SVM	126	-0.020775	1
JXNU/Emb+RNNLM+QuEst+SVM	127	0.358630	1716
JXNU/Emb+RNNLM+QuEst+SVM	128	0.141094	238
JXNU/Emb+RNNLM+QuEst+SVM	129	0.285411	1468
JXNU/Emb+RNNLM+QuEst+SVM	130	0.345400	1700
JXNU/Emb+RNNLM+QuEst+SVM	131	0.200162	734
JXNU/Emb+RNNLM+QuEst+SVM	132	0.211136	841
JXNU/Emb+RNNLM+QuEst+SVM	133	0.119306	135
JXNU/Emb+RNNLM+QuEst+SVM	134	0.267321	1353
JXNU/Emb+RNNLM+QuEst+SVM	135	0.258347	1287
JXNU/Emb+RNNLM+QuEst+SVM	136	0.413851	1778
JXNU/Emb+RNNLM+QuEst+SVM	137	0.233794	1062
JXNU/Emb+RNNLM+QuEst+SVM	138	0.263064	1317
JXNU/Emb+RNNLM+QuEst+SVM	139	0.228622	1016
JXNU/Emb+RNNLM+QuEst+SVM	140	0.303470	1561
JXNU/Emb+RNNLM+QuEst+SVM	141	0.214477	883
JXNU/Emb+RNNLM+QuEst+SVM	142	0.187411	600
JXNU/Emb+RNNLM+QuEst+SVM	143	0.143536	246
JXNU/Emb+RNNLM+QuEst+SVM	144	0.274392	1393
JXNU/Emb+RNNLM+QuEst+SVM	145	0.189051	623
JXNU/Emb+RNNLM+QuEst+SVM	146	0.162008	370
JXNU/Emb+RNNLM+QuEst+SVM	147	0.302808	1557
JXNU/Emb+RNNLM+QuEst+SVM	148	0.224848	979
JXNU/Emb+RNNLM+QuEst+SVM	149	0.232681	1054
JXNU/Emb+RNNLM+QuEst+SVM	150	0.239961	1131
JXNU/Emb+RNNLM+QuEst+SVM	151	0.205726	791
JXNU/Emb+RNNLM+QuEst+SVM	152	0.235862	1085
JXNU/Emb+RNNLM+QuEst+SVM	153	0.288636	1491
JXNU/Emb+RNNLM+QuEst+SVM	154	0.240668	1140
JXNU/Emb+RNNLM+QuEst+SVM	155	0.179857	521
JXNU/Emb+RNNLM+QuEst+SVM	156	0.282458	1452
JXNU/Emb+RNNLM+QuEst+SVM	157	0.179616	518
JXNU/Emb+RNNLM+QuEst+SVM	158	0.293434	1517
JXNU/Emb+RNNLM+QuEst+SVM	159	0.139192	226
JXNU/Emb+RNNLM+QuEst+SVM	160	0.213564	867
JXNU/Emb+RNNLM+QuEst+SVM	161	0.287556	1482
JXNU/Emb+RNNLM+QuEst+SVM	162	0.186171	581
JXNU/Emb+RNNLM+QuEst+SVM	163	0.340800	1691
JXNU/Emb+RNNLM+QuEst+SVM	164	0.233482	1060
JXNU/Emb+RNNLM+QuEst+SVM	165	0.223949	964
JXNU/Emb+RNNLM+QuEst+SVM	166	0.187399	599
JXNU/Emb+RNNLM+QuEst+SVM	167	0.158083	344
JXNU/Emb+RNNLM+QuEst+SVM	168	0.174595	465
JXNU/Emb+RNNLM+QuEst+SVM	169	0.275836	1406
JXNU/Emb+RNNLM+QuEst+SVM	170	0.247272	1189
JXNU/Emb+RNNLM+QuEst+SVM	171	0.149110	280
JXNU/Emb+RNNLM+QuEst+SVM	172	0.151073	300
JXNU/Emb+RNNLM+QuEst+SVM	173	0.237319	1102
JXNU/Emb+RNNLM+QuEst+SVM	174	0.280182	1440
JXNU/Emb+RNNLM+QuEst+SVM	175	0.140014	232
JXNU/Emb+RNNLM+QuEst+SVM	176	0.244295	1171
JXNU/Emb+RNNLM+QuEst+SVM	177	0.149641	284
JXNU/Emb+RNNLM+QuEst+SVM	178	0.158826	350
JXNU/Emb+RNNLM+QuEst+SVM	179	0.148740	276
JXNU/Emb+RNNLM+QuEst+SVM	180	0.360981	1723
JXNU/Emb+RNNLM+QuEst+SVM	181	0.118394	131
JXNU/Emb+RNNLM+QuEst+SVM	182	0.097923	76
JXNU/Emb+RNNLM+QuEst+SVM	183	0.329701	1661
JXNU/Emb+RNNLM+QuEst+SVM	184	0.229964	1023
JXNU/Emb+RNNLM+QuEst+SVM	185	0.273317	1390
JXNU/Emb+RNNLM+QuEst+SVM	186	0.409242	1776
JXNU/Emb+RNNLM+QuEst+SVM	187	0.150115	288
JXNU/Emb+RNNLM+QuEst+SVM	188	0.157108	342
JXNU/Emb+RNNLM+QuEst+SVM	189	0.249530	1214
JXNU/Emb+RNNLM+QuEst+SVM	190	0.261026	1307
JXNU/Emb+RNNLM+QuEst+SVM	191	0.377750	1746
JXNU/Emb+RNNLM+QuEst+SVM	192	0.338901	1684
JXNU/Emb+RNNLM+QuEst+SVM	193	0.236177	1087
JXNU/Emb+RNNLM+QuEst+SVM	194	0.265333	1331
JXNU/Emb+RNNLM+QuEst+SVM	195	0.207525	807
JXNU/Emb+RNNLM+QuEst+SVM	196	0.327058	1647
JXNU/Emb+RNNLM+QuEst+SVM	197	0.212548	859
JXNU/Emb+RNNLM+QuEst+SVM	198	0.177957	500
JXNU/Emb+RNNLM+QuEst+SVM	199	0.173149	455
JXNU/Emb+RNNLM+QuEst+SVM	200	0.236454	1092
JXNU/Emb+RNNLM+QuEst+SVM	201	0.237979	1110
JXNU/Emb+RNNLM+QuEst+SVM	202	0.110733	106
JXNU/Emb+RNNLM+QuEst+SVM	203	0.152808	312
JXNU/Emb+RNNLM+QuEst+SVM	204	0.089234	62
JXNU/Emb+RNNLM+QuEst+SVM	205	0.201207	751
JXNU/Emb+RNNLM+QuEst+SVM	206	0.219243	924
JXNU/Emb+RNNLM+QuEst+SVM	207	0.258702	1289
JXNU/Emb+RNNLM+QuEst+SVM	208	0.232655	1053
JXNU/Emb+RNNLM+QuEst+SVM	209	0.245112	1176
JXNU/Emb+RNNLM+QuEst+SVM	210	0.237034	1099
JXNU/Emb+RNNLM+QuEst+SVM	211	0.272469	1384
JXNU/Emb+RNNLM+QuEst+SVM	212	0.159592	353
JXNU/Emb+RNNLM+QuEst+SVM	213	0.348906	1703
JXNU/Emb+RNNLM+QuEst+SVM	214	0.136669	215
JXNU/Emb+RNNLM+QuEst+SVM	215	0.271378	1380
JXNU/Emb+RNNLM+QuEst+SVM	216	0.138355	221
JXNU/Emb+RNNLM+QuEst+SVM	217	0.237182	1100
JXNU/Emb+RNNLM+QuEst+SVM	218	0.131548	193
JXNU/Emb+RNNLM+QuEst+SVM	219	0.318054	1623
JXNU/Emb+RNNLM+QuEst+SVM	220	0.211477	843
JXNU/Emb+RNNLM+QuEst+SVM	221	0.329707	1662
JXNU/Emb+RNNLM+QuEst+SVM	222	0.217244	904
JXNU/Emb+RNNLM+QuEst+SVM	223	0.234502	1070
JXNU/Emb+RNNLM+QuEst+SVM	224	0.236024	1086
JXNU/Emb+RNNLM+QuEst+SVM	225	0.090434	65
JXNU/Emb+RNNLM+QuEst+SVM	226	0.464818	1802
JXNU/Emb+RNNLM+QuEst+SVM	227	0.079141	42
JXNU/Emb+RNNLM+QuEst+SVM	228	0.150477	292
JXNU/Emb+RNNLM+QuEst+SVM	229	0.327786	1652
JXNU/Emb+RNNLM+QuEst+SVM	230	0.307562	1579
JXNU/Emb+RNNLM+QuEst+SVM	231	0.113991	116
JXNU/Emb+RNNLM+QuEst+SVM	232	0.281114	1443
JXNU/Emb+RNNLM+QuEst+SVM	233	0.414519	1779
JXNU/Emb+RNNLM+QuEst+SVM	234	0.160745	364
JXNU/Emb+RNNLM+QuEst+SVM	235	0.139457	227
JXNU/Emb+RNNLM+QuEst+SVM	236	0.116035	121
JXNU/Emb+RNNLM+QuEst+SVM	237	0.340089	1690
JXNU/Emb+RNNLM+QuEst+SVM	238	0.096300	73
JXNU/Emb+RNNLM+QuEst+SVM	239	0.252720	1234
JXNU/Emb+RNNLM+QuEst+SVM	240	0.256301	1270
JXNU/Emb+RNNLM+QuEst+SVM	241	0.086549	57
JXNU/Emb+RNNLM+QuEst+SVM	242	0.242872	1155
JXNU/Emb+RNNLM+QuEst+SVM	243	0.203045	762
JXNU/Emb+RNNLM+QuEst+SVM	244	0.193410	665
JXNU/Emb+RNNLM+QuEst+SVM	245	0.218972	923
JXNU/Emb+RNNLM+QuEst+SVM	246	0.200369	739
JXNU/Emb+RNNLM+QuEst+SVM	247	0.312568	1602
JXNU/Emb+RNNLM+QuEst+SVM	248	0.254804	1256
JXNU/Emb+RNNLM+QuEst+SVM	249	0.194247	674
JXNU/Emb+RNNLM+QuEst+SVM	250	0.296088	1531
JXNU/Emb+RNNLM+QuEst+SVM	251	0.267927	1361
JXNU/Emb+RNNLM+QuEst+SVM	252	0.277074	1416
JXNU/Emb+RNNLM+QuEst+SVM	253	0.266575	1348
JXNU/Emb+RNNLM+QuEst+SVM	254	0.161445	367
JXNU/Emb+RNNLM+QuEst+SVM	255	0.160326	358
JXNU/Emb+RNNLM+QuEst+SVM	256	0.257545	1283
JXNU/Emb+RNNLM+QuEst+SVM	257	0.140393	234
JXNU/Emb+RNNLM+QuEst+SVM	258	0.249468	1213
JXNU/Emb+RNNLM+QuEst+SVM	259	0.326252	1644
JXNU/Emb+RNNLM+QuEst+SVM	260	0.287970	1485
JXNU/Emb+RNNLM+QuEst+SVM	261	0.076534	40
JXNU/Emb+RNNLM+QuEst+SVM	262	0.079518	43
JXNU/Emb+RNNLM+QuEst+SVM	263	0.242974	1159
JXNU/Emb+RNNLM+QuEst+SVM	264	0.211843	849
JXNU/Emb+RNNLM+QuEst+SVM	265	0.130852	188
JXNU/Emb+RNNLM+QuEst+SVM	266	0.183868	559
JXNU/Emb+RNNLM+QuEst+SVM	267	0.175389	477
JXNU/Emb+RNNLM+QuEst+SVM	268	0.170192	436
JXNU/Emb+RNNLM+QuEst+SVM	269	0.266766	1350
JXNU/Emb+RNNLM+QuEst+SVM	270	0.207334	805
JXNU/Emb+RNNLM+QuEst+SVM	271	0.436847	1790
JXNU/Emb+RNNLM+QuEst+SVM	272	0.378725	1749
JXNU/Emb+RNNLM+QuEst+SVM	273	0.210514	832
JXNU/Emb+RNNLM+QuEst+SVM	274	0.254294	1250
JXNU/Emb+RNNLM+QuEst+SVM	275	0.237956	1109
JXNU/Emb+RNNLM+QuEst+SVM	276	0.240124	1132
JXNU/Emb+RNNLM+QuEst+SVM	277	0.189614	632
JXNU/Emb+RNNLM+QuEst+SVM	278	0.362207	1725
JXNU/Emb+RNNLM+QuEst+SVM	279	0.255000	1259
JXNU/Emb+RNNLM+QuEst+SVM	280	0.304908	1567
JXNU/Emb+RNNLM+QuEst+SVM	281	0.177152	496
JXNU/Emb+RNNLM+QuEst+SVM	282	0.129278	182
JXNU/Emb+RNNLM+QuEst+SVM	283	0.286496	1475
JXNU/Emb+RNNLM+QuEst+SVM	284	0.214167	879
JXNU/Emb+RNNLM+QuEst+SVM	285	0.331606	1666
JXNU/Emb+RNNLM+QuEst+SVM	286	0.231406	1043
JXNU/Emb+RNNLM+QuEst+SVM	287	0.151315	302
JXNU/Emb+RNNLM+QuEst+SVM	288	0.168196	418
JXNU/Emb+RNNLM+QuEst+SVM	289	0.284263	1463
JXNU/Emb+RNNLM+QuEst+SVM	290	0.078727	41
JXNU/Emb+RNNLM+QuEst+SVM	291	0.310142	1590
JXNU/Emb+RNNLM+QuEst+SVM	292	0.259239	1293
JXNU/Emb+RNNLM+QuEst+SVM	293	0.235807	1084
JXNU/Emb+RNNLM+QuEst+SVM	294	0.304385	1565
JXNU/Emb+RNNLM+QuEst+SVM	295	0.332807	1670
JXNU/Emb+RNNLM+QuEst+SVM	296	0.235775	1083
JXNU/Emb+RNNLM+QuEst+SVM	297	0.186861	589
JXNU/Emb+RNNLM+QuEst+SVM	298	0.343844	1698
JXNU/Emb+RNNLM+QuEst+SVM	299	0.212973	862
JXNU/Emb+RNNLM+QuEst+SVM	300	0.203934	775
JXNU/Emb+RNNLM+QuEst+SVM	301	0.305508	1568
JXNU/Emb+RNNLM+QuEst+SVM	302	0.224676	974
JXNU/Emb+RNNLM+QuEst+SVM	303	0.278416	1430
JXNU/Emb+RNNLM+QuEst+SVM	304	0.339643	1686
JXNU/Emb+RNNLM+QuEst+SVM	305	0.166761	405
JXNU/Emb+RNNLM+QuEst+SVM	306	0.239656	1124
JXNU/Emb+RNNLM+QuEst+SVM	307	0.162398	373
JXNU/Emb+RNNLM+QuEst+SVM	308	0.405466	1771
JXNU/Emb+RNNLM+QuEst+SVM	309	0.269079	1371
JXNU/Emb+RNNLM+QuEst+SVM	310	0.293880	1520
JXNU/Emb+RNNLM+QuEst+SVM	311	0.433724	1787
JXNU/Emb+RNNLM+QuEst+SVM	312	0.202577	758
JXNU/Emb+RNNLM+QuEst+SVM	313	0.277212	1420
JXNU/Emb+RNNLM+QuEst+SVM	314	0.185407	572
JXNU/Emb+RNNLM+QuEst+SVM	315	0.061738	23
JXNU/Emb+RNNLM+QuEst+SVM	316	0.313755	1606
JXNU/Emb+RNNLM+QuEst+SVM	317	0.225482	986
JXNU/Emb+RNNLM+QuEst+SVM	318	0.150667	294
JXNU/Emb+RNNLM+QuEst+SVM	319	0.280167	1439
JXNU/Emb+RNNLM+QuEst+SVM	320	0.184944	566
JXNU/Emb+RNNLM+QuEst+SVM	321	0.133671	202
JXNU/Emb+RNNLM+QuEst+SVM	322	0.162848	376
JXNU/Emb+RNNLM+QuEst+SVM	323	0.454761	1797
JXNU/Emb+RNNLM+QuEst+SVM	324	0.175485	481
JXNU/Emb+RNNLM+QuEst+SVM	325	0.277977	1427
JXNU/Emb+RNNLM+QuEst+SVM	326	0.231313	1041
JXNU/Emb+RNNLM+QuEst+SVM	327	0.278923	1434
JXNU/Emb+RNNLM+QuEst+SVM	328	0.142931	243
JXNU/Emb+RNNLM+QuEst+SVM	329	0.017933	2
JXNU/Emb+RNNLM+QuEst+SVM	330	0.396523	1764
JXNU/Emb+RNNLM+QuEst+SVM	331	0.204200	778
JXNU/Emb+RNNLM+QuEst+SVM	332	0.282085	1450
JXNU/Emb+RNNLM+QuEst+SVM	333	0.366500	1731
JXNU/Emb+RNNLM+QuEst+SVM	334	0.279030	1435
JXNU/Emb+RNNLM+QuEst+SVM	335	0.257338	1280
JXNU/Emb+RNNLM+QuEst+SVM	336	0.267513	1354
JXNU/Emb+RNNLM+QuEst+SVM	337	0.148618	275
JXNU/Emb+RNNLM+QuEst+SVM	338	0.193357	664
JXNU/Emb+RNNLM+QuEst+SVM	339	0.218453	915
JXNU/Emb+RNNLM+QuEst+SVM	340	0.137657	218
JXNU/Emb+RNNLM+QuEst+SVM	341	0.154884	327
JXNU/Emb+RNNLM+QuEst+SVM	342	0.246121	1181
JXNU/Emb+RNNLM+QuEst+SVM	343	0.282699	1457
JXNU/Emb+RNNLM+QuEst+SVM	344	0.190995	643
JXNU/Emb+RNNLM+QuEst+SVM	345	0.158818	349
JXNU/Emb+RNNLM+QuEst+SVM	346	0.373500	1742
JXNU/Emb+RNNLM+QuEst+SVM	347	0.323154	1636
JXNU/Emb+RNNLM+QuEst+SVM	348	0.294870	1526
JXNU/Emb+RNNLM+QuEst+SVM	349	0.277821	1425
JXNU/Emb+RNNLM+QuEst+SVM	350	0.300442	1552
JXNU/Emb+RNNLM+QuEst+SVM	351	0.122160	148
JXNU/Emb+RNNLM+QuEst+SVM	352	0.246108	1180
JXNU/Emb+RNNLM+QuEst+SVM	353	0.111752	110
JXNU/Emb+RNNLM+QuEst+SVM	354	0.254474	1251
JXNU/Emb+RNNLM+QuEst+SVM	355	0.062103	24
JXNU/Emb+RNNLM+QuEst+SVM	356	0.193301	662
JXNU/Emb+RNNLM+QuEst+SVM	357	0.194384	676
JXNU/Emb+RNNLM+QuEst+SVM	358	0.222099	952
JXNU/Emb+RNNLM+QuEst+SVM	359	0.146092	259
JXNU/Emb+RNNLM+QuEst+SVM	360	0.213878	873
JXNU/Emb+RNNLM+QuEst+SVM	361	0.227789	1007
JXNU/Emb+RNNLM+QuEst+SVM	362	0.146424	263
JXNU/Emb+RNNLM+QuEst+SVM	363	0.198396	720
JXNU/Emb+RNNLM+QuEst+SVM	364	0.127790	175
JXNU/Emb+RNNLM+QuEst+SVM	365	0.160139	357
JXNU/Emb+RNNLM+QuEst+SVM	366	0.193438	667
JXNU/Emb+RNNLM+QuEst+SVM	367	0.209846	828
JXNU/Emb+RNNLM+QuEst+SVM	368	0.269120	1372
JXNU/Emb+RNNLM+QuEst+SVM	369	0.394501	1762
JXNU/Emb+RNNLM+QuEst+SVM	370	0.340882	1692
JXNU/Emb+RNNLM+QuEst+SVM	371	0.134146	205
JXNU/Emb+RNNLM+QuEst+SVM	372	0.062867	25
JXNU/Emb+RNNLM+QuEst+SVM	373	0.281280	1444
JXNU/Emb+RNNLM+QuEst+SVM	374	0.058280	19
JXNU/Emb+RNNLM+QuEst+SVM	375	0.105904	97
JXNU/Emb+RNNLM+QuEst+SVM	376	0.328299	1656
JXNU/Emb+RNNLM+QuEst+SVM	377	0.319457	1628
JXNU/Emb+RNNLM+QuEst+SVM	378	0.210497	831
JXNU/Emb+RNNLM+QuEst+SVM	379	0.126165	166
JXNU/Emb+RNNLM+QuEst+SVM	380	0.055215	17
JXNU/Emb+RNNLM+QuEst+SVM	381	0.234240	1066
JXNU/Emb+RNNLM+QuEst+SVM	382	0.249875	1215
JXNU/Emb+RNNLM+QuEst+SVM	383	0.246256	1182
JXNU/Emb+RNNLM+QuEst+SVM	384	0.230251	1028
JXNU/Emb+RNNLM+QuEst+SVM	385	0.244814	1175
JXNU/Emb+RNNLM+QuEst+SVM	386	0.176192	486
JXNU/Emb+RNNLM+QuEst+SVM	387	0.261140	1308
JXNU/Emb+RNNLM+QuEst+SVM	388	0.197371	709
JXNU/Emb+RNNLM+QuEst+SVM	389	0.249387	1210
JXNU/Emb+RNNLM+QuEst+SVM	390	0.233669	1061
JXNU/Emb+RNNLM+QuEst+SVM	391	0.144774	254
JXNU/Emb+RNNLM+QuEst+SVM	392	0.372545	1740
JXNU/Emb+RNNLM+QuEst+SVM	393	0.299178	1546
JXNU/Emb+RNNLM+QuEst+SVM	394	0.172643	451
JXNU/Emb+RNNLM+QuEst+SVM	395	0.272234	1383
JXNU/Emb+RNNLM+QuEst+SVM	396	0.216454	899
JXNU/Emb+RNNLM+QuEst+SVM	397	0.216445	898
JXNU/Emb+RNNLM+QuEst+SVM	398	0.101253	81
JXNU/Emb+RNNLM+QuEst+SVM	399	0.263297	1320
JXNU/Emb+RNNLM+QuEst+SVM	400	0.082847	51
JXNU/Emb+RNNLM+QuEst+SVM	401	0.352950	1710
JXNU/Emb+RNNLM+QuEst+SVM	402	0.268656	1367
JXNU/Emb+RNNLM+QuEst+SVM	403	0.165189	394
JXNU/Emb+RNNLM+QuEst+SVM	404	0.305753	1569
JXNU/Emb+RNNLM+QuEst+SVM	405	0.036348	7
JXNU/Emb+RNNLM+QuEst+SVM	406	0.188130	609
JXNU/Emb+RNNLM+QuEst+SVM	407	0.162179	371
JXNU/Emb+RNNLM+QuEst+SVM	408	0.160369	359
JXNU/Emb+RNNLM+QuEst+SVM	409	0.285186	1466
JXNU/Emb+RNNLM+QuEst+SVM	410	0.266157	1342
JXNU/Emb+RNNLM+QuEst+SVM	411	0.256345	1272
JXNU/Emb+RNNLM+QuEst+SVM	412	0.256258	1268
JXNU/Emb+RNNLM+QuEst+SVM	413	0.223098	959
JXNU/Emb+RNNLM+QuEst+SVM	414	0.182367	544
JXNU/Emb+RNNLM+QuEst+SVM	415	0.282692	1456
JXNU/Emb+RNNLM+QuEst+SVM	416	0.093808	69
JXNU/Emb+RNNLM+QuEst+SVM	417	0.310594	1592
JXNU/Emb+RNNLM+QuEst+SVM	418	0.211807	848
JXNU/Emb+RNNLM+QuEst+SVM	419	0.243540	1166
JXNU/Emb+RNNLM+QuEst+SVM	420	0.213845	871
JXNU/Emb+RNNLM+QuEst+SVM	421	0.253347	1240
JXNU/Emb+RNNLM+QuEst+SVM	422	0.221820	948
JXNU/Emb+RNNLM+QuEst+SVM	423	0.314602	1608
JXNU/Emb+RNNLM+QuEst+SVM	424	0.158233	347
JXNU/Emb+RNNLM+QuEst+SVM	425	0.239231	1118
JXNU/Emb+RNNLM+QuEst+SVM	426	0.246058	1179
JXNU/Emb+RNNLM+QuEst+SVM	427	0.357138	1715
JXNU/Emb+RNNLM+QuEst+SVM	428	0.249944	1216
JXNU/Emb+RNNLM+QuEst+SVM	429	0.300283	1550
JXNU/Emb+RNNLM+QuEst+SVM	430	0.226486	994
JXNU/Emb+RNNLM+QuEst+SVM	431	0.273910	1392
JXNU/Emb+RNNLM+QuEst+SVM	432	0.168819	424
JXNU/Emb+RNNLM+QuEst+SVM	433	0.211000	838
JXNU/Emb+RNNLM+QuEst+SVM	434	0.112582	113
JXNU/Emb+RNNLM+QuEst+SVM	435	0.133971	204
JXNU/Emb+RNNLM+QuEst+SVM	436	0.174868	470
JXNU/Emb+RNNLM+QuEst+SVM	437	0.257423	1281
JXNU/Emb+RNNLM+QuEst+SVM	438	0.129270	181
JXNU/Emb+RNNLM+QuEst+SVM	439	0.082988	52
JXNU/Emb+RNNLM+QuEst+SVM	440	0.189027	622
JXNU/Emb+RNNLM+QuEst+SVM	441	0.155530	333
JXNU/Emb+RNNLM+QuEst+SVM	442	0.150272	290
JXNU/Emb+RNNLM+QuEst+SVM	443	0.206905	799
JXNU/Emb+RNNLM+QuEst+SVM	444	0.188595	618
JXNU/Emb+RNNLM+QuEst+SVM	445	0.227315	1005
JXNU/Emb+RNNLM+QuEst+SVM	446	0.285043	1465
JXNU/Emb+RNNLM+QuEst+SVM	447	0.248579	1203
JXNU/Emb+RNNLM+QuEst+SVM	448	0.307396	1578
JXNU/Emb+RNNLM+QuEst+SVM	449	0.254678	1255
JXNU/Emb+RNNLM+QuEst+SVM	450	0.135698	212
JXNU/Emb+RNNLM+QuEst+SVM	451	0.100154	79
JXNU/Emb+RNNLM+QuEst+SVM	452	0.225438	985
JXNU/Emb+RNNLM+QuEst+SVM	453	0.246875	1186
JXNU/Emb+RNNLM+QuEst+SVM	454	0.206407	793
JXNU/Emb+RNNLM+QuEst+SVM	455	0.227249	1003
JXNU/Emb+RNNLM+QuEst+SVM	456	0.349456	1704
JXNU/Emb+RNNLM+QuEst+SVM	457	0.146407	262
JXNU/Emb+RNNLM+QuEst+SVM	458	0.176739	490
JXNU/Emb+RNNLM+QuEst+SVM	459	0.394796	1763
JXNU/Emb+RNNLM+QuEst+SVM	460	0.360434	1721
JXNU/Emb+RNNLM+QuEst+SVM	461	0.130722	187
JXNU/Emb+RNNLM+QuEst+SVM	462	0.182332	543
JXNU/Emb+RNNLM+QuEst+SVM	463	0.264335	1325
JXNU/Emb+RNNLM+QuEst+SVM	464	0.168037	415
JXNU/Emb+RNNLM+QuEst+SVM	465	0.061736	22
JXNU/Emb+RNNLM+QuEst+SVM	466	0.189954	635
JXNU/Emb+RNNLM+QuEst+SVM	467	0.161925	369
JXNU/Emb+RNNLM+QuEst+SVM	468	0.261435	1310
JXNU/Emb+RNNLM+QuEst+SVM	469	0.234637	1071
JXNU/Emb+RNNLM+QuEst+SVM	470	0.118892	133
JXNU/Emb+RNNLM+QuEst+SVM	471	0.268830	1368
JXNU/Emb+RNNLM+QuEst+SVM	472	0.151013	298
JXNU/Emb+RNNLM+QuEst+SVM	473	0.231309	1040
JXNU/Emb+RNNLM+QuEst+SVM	474	0.315671	1613
JXNU/Emb+RNNLM+QuEst+SVM	475	0.117171	127
JXNU/Emb+RNNLM+QuEst+SVM	476	0.203793	769
JXNU/Emb+RNNLM+QuEst+SVM	477	0.225117	980
JXNU/Emb+RNNLM+QuEst+SVM	478	0.293706	1519
JXNU/Emb+RNNLM+QuEst+SVM	479	0.183167	553
JXNU/Emb+RNNLM+QuEst+SVM	480	0.189052	624
JXNU/Emb+RNNLM+QuEst+SVM	481	0.164119	385
JXNU/Emb+RNNLM+QuEst+SVM	482	0.507693	1814
JXNU/Emb+RNNLM+QuEst+SVM	483	0.188501	615
JXNU/Emb+RNNLM+QuEst+SVM	484	0.214055	875
JXNU/Emb+RNNLM+QuEst+SVM	485	0.242874	1156
JXNU/Emb+RNNLM+QuEst+SVM	486	0.146529	265
JXNU/Emb+RNNLM+QuEst+SVM	487	0.131220	190
JXNU/Emb+RNNLM+QuEst+SVM	488	0.202121	755
JXNU/Emb+RNNLM+QuEst+SVM	489	0.092715	67
JXNU/Emb+RNNLM+QuEst+SVM	490	0.117337	128
JXNU/Emb+RNNLM+QuEst+SVM	491	0.330958	1665
JXNU/Emb+RNNLM+QuEst+SVM	492	0.345807	1701
JXNU/Emb+RNNLM+QuEst+SVM	493	0.182229	541
JXNU/Emb+RNNLM+QuEst+SVM	494	0.171549	444
JXNU/Emb+RNNLM+QuEst+SVM	495	0.220939	941
JXNU/Emb+RNNLM+QuEst+SVM	496	0.351274	1708
JXNU/Emb+RNNLM+QuEst+SVM	497	0.358711	1717
JXNU/Emb+RNNLM+QuEst+SVM	498	0.183314	554
JXNU/Emb+RNNLM+QuEst+SVM	499	0.196822	702
JXNU/Emb+RNNLM+QuEst+SVM	500	0.124444	157
JXNU/Emb+RNNLM+QuEst+SVM	501	0.110355	105
JXNU/Emb+RNNLM+QuEst+SVM	502	0.266295	1345
JXNU/Emb+RNNLM+QuEst+SVM	503	0.169624	430
JXNU/Emb+RNNLM+QuEst+SVM	504	0.234773	1073
JXNU/Emb+RNNLM+QuEst+SVM	505	0.188409	614
JXNU/Emb+RNNLM+QuEst+SVM	506	0.341448	1693
JXNU/Emb+RNNLM+QuEst+SVM	507	0.210600	834
JXNU/Emb+RNNLM+QuEst+SVM	508	0.184706	564
JXNU/Emb+RNNLM+QuEst+SVM	509	0.300532	1553
JXNU/Emb+RNNLM+QuEst+SVM	510	0.231958	1048
JXNU/Emb+RNNLM+QuEst+SVM	511	0.242851	1153
JXNU/Emb+RNNLM+QuEst+SVM	512	0.175521	482
JXNU/Emb+RNNLM+QuEst+SVM	513	0.390683	1759
JXNU/Emb+RNNLM+QuEst+SVM	514	0.221496	946
JXNU/Emb+RNNLM+QuEst+SVM	515	0.178896	511
JXNU/Emb+RNNLM+QuEst+SVM	516	0.148927	277
JXNU/Emb+RNNLM+QuEst+SVM	517	0.354584	1712
JXNU/Emb+RNNLM+QuEst+SVM	518	0.160585	363
JXNU/Emb+RNNLM+QuEst+SVM	519	0.216949	903
JXNU/Emb+RNNLM+QuEst+SVM	520	0.279637	1437
JXNU/Emb+RNNLM+QuEst+SVM	521	0.267836	1359
JXNU/Emb+RNNLM+QuEst+SVM	522	0.124770	161
JXNU/Emb+RNNLM+QuEst+SVM	523	0.212706	860
JXNU/Emb+RNNLM+QuEst+SVM	524	0.187139	595
JXNU/Emb+RNNLM+QuEst+SVM	525	0.169120	427
JXNU/Emb+RNNLM+QuEst+SVM	526	0.267813	1357
JXNU/Emb+RNNLM+QuEst+SVM	527	0.165905	401
JXNU/Emb+RNNLM+QuEst+SVM	528	0.236608	1094
JXNU/Emb+RNNLM+QuEst+SVM	529	0.185129	568
JXNU/Emb+RNNLM+QuEst+SVM	530	0.270841	1377
JXNU/Emb+RNNLM+QuEst+SVM	531	0.384610	1752
JXNU/Emb+RNNLM+QuEst+SVM	532	0.219503	928
JXNU/Emb+RNNLM+QuEst+SVM	533	0.234732	1072
JXNU/Emb+RNNLM+QuEst+SVM	534	0.261386	1309
JXNU/Emb+RNNLM+QuEst+SVM	535	0.295873	1530
JXNU/Emb+RNNLM+QuEst+SVM	536	0.269032	1370
JXNU/Emb+RNNLM+QuEst+SVM	537	0.214440	882
JXNU/Emb+RNNLM+QuEst+SVM	538	0.180482	529
JXNU/Emb+RNNLM+QuEst+SVM	539	0.242164	1147
JXNU/Emb+RNNLM+QuEst+SVM	540	0.215906	894
JXNU/Emb+RNNLM+QuEst+SVM	541	0.196187	698
JXNU/Emb+RNNLM+QuEst+SVM	542	0.122467	150
JXNU/Emb+RNNLM+QuEst+SVM	543	0.218345	912
JXNU/Emb+RNNLM+QuEst+SVM	544	0.294439	1524
JXNU/Emb+RNNLM+QuEst+SVM	545	0.264398	1327
JXNU/Emb+RNNLM+QuEst+SVM	546	0.100021	78
JXNU/Emb+RNNLM+QuEst+SVM	547	0.154047	319
JXNU/Emb+RNNLM+QuEst+SVM	548	0.133757	203
JXNU/Emb+RNNLM+QuEst+SVM	549	0.209637	825
JXNU/Emb+RNNLM+QuEst+SVM	550	0.306133	1574
JXNU/Emb+RNNLM+QuEst+SVM	551	0.228601	1015
JXNU/Emb+RNNLM+QuEst+SVM	552	0.277097	1417
JXNU/Emb+RNNLM+QuEst+SVM	553	0.228384	1013
JXNU/Emb+RNNLM+QuEst+SVM	554	0.407904	1773
JXNU/Emb+RNNLM+QuEst+SVM	555	0.197369	708
JXNU/Emb+RNNLM+QuEst+SVM	556	0.206831	797
JXNU/Emb+RNNLM+QuEst+SVM	557	0.200255	736
JXNU/Emb+RNNLM+QuEst+SVM	558	0.155254	330
JXNU/Emb+RNNLM+QuEst+SVM	559	0.114850	119
JXNU/Emb+RNNLM+QuEst+SVM	560	0.190834	641
JXNU/Emb+RNNLM+QuEst+SVM	561	0.042060	10
JXNU/Emb+RNNLM+QuEst+SVM	562	0.102755	89
JXNU/Emb+RNNLM+QuEst+SVM	563	0.256990	1279
JXNU/Emb+RNNLM+QuEst+SVM	564	0.214939	885
JXNU/Emb+RNNLM+QuEst+SVM	565	0.246469	1183
JXNU/Emb+RNNLM+QuEst+SVM	566	0.117420	129
JXNU/Emb+RNNLM+QuEst+SVM	567	0.177637	499
JXNU/Emb+RNNLM+QuEst+SVM	568	0.205234	790
JXNU/Emb+RNNLM+QuEst+SVM	569	0.154646	323
JXNU/Emb+RNNLM+QuEst+SVM	570	0.210980	836
JXNU/Emb+RNNLM+QuEst+SVM	571	0.215593	889
JXNU/Emb+RNNLM+QuEst+SVM	572	0.129817	185
JXNU/Emb+RNNLM+QuEst+SVM	573	0.204720	784
JXNU/Emb+RNNLM+QuEst+SVM	574	0.224759	976
JXNU/Emb+RNNLM+QuEst+SVM	575	0.191652	649
JXNU/Emb+RNNLM+QuEst+SVM	576	0.267832	1358
JXNU/Emb+RNNLM+QuEst+SVM	577	0.181988	540
JXNU/Emb+RNNLM+QuEst+SVM	578	0.126835	172
JXNU/Emb+RNNLM+QuEst+SVM	579	0.243812	1169
JXNU/Emb+RNNLM+QuEst+SVM	580	0.200432	741
JXNU/Emb+RNNLM+QuEst+SVM	581	0.373276	1741
JXNU/Emb+RNNLM+QuEst+SVM	582	0.393220	1760
JXNU/Emb+RNNLM+QuEst+SVM	583	0.174628	466
JXNU/Emb+RNNLM+QuEst+SVM	584	0.394183	1761
JXNU/Emb+RNNLM+QuEst+SVM	585	0.180517	530
JXNU/Emb+RNNLM+QuEst+SVM	586	0.208236	812
JXNU/Emb+RNNLM+QuEst+SVM	587	0.193812	671
JXNU/Emb+RNNLM+QuEst+SVM	588	0.218767	920
JXNU/Emb+RNNLM+QuEst+SVM	589	0.163096	378
JXNU/Emb+RNNLM+QuEst+SVM	590	0.308435	1582
JXNU/Emb+RNNLM+QuEst+SVM	591	0.567997	1816
JXNU/Emb+RNNLM+QuEst+SVM	592	0.265415	1333
JXNU/Emb+RNNLM+QuEst+SVM	593	0.089561	63
JXNU/Emb+RNNLM+QuEst+SVM	594	0.283683	1461
JXNU/Emb+RNNLM+QuEst+SVM	595	0.255517	1264
JXNU/Emb+RNNLM+QuEst+SVM	596	0.270067	1374
JXNU/Emb+RNNLM+QuEst+SVM	597	0.156630	340
JXNU/Emb+RNNLM+QuEst+SVM	598	0.186693	585
JXNU/Emb+RNNLM+QuEst+SVM	599	0.122588	151
JXNU/Emb+RNNLM+QuEst+SVM	600	0.181270	533
JXNU/Emb+RNNLM+QuEst+SVM	601	0.283449	1460
JXNU/Emb+RNNLM+QuEst+SVM	602	0.263934	1323
JXNU/Emb+RNNLM+QuEst+SVM	603	0.184626	562
JXNU/Emb+RNNLM+QuEst+SVM	604	0.167278	407
JXNU/Emb+RNNLM+QuEst+SVM	605	0.174045	461
JXNU/Emb+RNNLM+QuEst+SVM	606	0.271033	1378
JXNU/Emb+RNNLM+QuEst+SVM	607	0.288001	1486
JXNU/Emb+RNNLM+QuEst+SVM	608	0.252339	1230
JXNU/Emb+RNNLM+QuEst+SVM	609	0.220942	942
JXNU/Emb+RNNLM+QuEst+SVM	610	0.287880	1484
JXNU/Emb+RNNLM+QuEst+SVM	611	0.336169	1678
JXNU/Emb+RNNLM+QuEst+SVM	612	0.043995	11
JXNU/Emb+RNNLM+QuEst+SVM	613	0.277814	1424
JXNU/Emb+RNNLM+QuEst+SVM	614	0.400960	1767
JXNU/Emb+RNNLM+QuEst+SVM	615	0.334261	1672
JXNU/Emb+RNNLM+QuEst+SVM	616	0.459625	1800
JXNU/Emb+RNNLM+QuEst+SVM	617	0.189434	631
JXNU/Emb+RNNLM+QuEst+SVM	618	0.253702	1244
JXNU/Emb+RNNLM+QuEst+SVM	619	0.332637	1669
JXNU/Emb+RNNLM+QuEst+SVM	620	0.368643	1733
JXNU/Emb+RNNLM+QuEst+SVM	621	0.224798	978
JXNU/Emb+RNNLM+QuEst+SVM	622	0.236642	1095
JXNU/Emb+RNNLM+QuEst+SVM	623	0.269256	1373
JXNU/Emb+RNNLM+QuEst+SVM	624	0.104547	93
JXNU/Emb+RNNLM+QuEst+SVM	625	0.189064	625
JXNU/Emb+RNNLM+QuEst+SVM	626	0.195117	685
JXNU/Emb+RNNLM+QuEst+SVM	627	0.213996	874
JXNU/Emb+RNNLM+QuEst+SVM	628	0.308113	1580
JXNU/Emb+RNNLM+QuEst+SVM	629	0.267169	1351
JXNU/Emb+RNNLM+QuEst+SVM	630	0.226259	991
JXNU/Emb+RNNLM+QuEst+SVM	631	0.258207	1286
JXNU/Emb+RNNLM+QuEst+SVM	632	0.317991	1622
JXNU/Emb+RNNLM+QuEst+SVM	633	0.265689	1335
JXNU/Emb+RNNLM+QuEst+SVM	634	0.212450	857
JXNU/Emb+RNNLM+QuEst+SVM	635	0.380774	1750
JXNU/Emb+RNNLM+QuEst+SVM	636	0.274427	1394
JXNU/Emb+RNNLM+QuEst+SVM	637	0.211124	840
JXNU/Emb+RNNLM+QuEst+SVM	638	0.202602	760
JXNU/Emb+RNNLM+QuEst+SVM	639	0.165700	398
JXNU/Emb+RNNLM+QuEst+SVM	640	0.243316	1163
JXNU/Emb+RNNLM+QuEst+SVM	641	0.295176	1527
JXNU/Emb+RNNLM+QuEst+SVM	642	0.220062	932
JXNU/Emb+RNNLM+QuEst+SVM	643	0.228280	1011
JXNU/Emb+RNNLM+QuEst+SVM	644	0.409537	1777
JXNU/Emb+RNNLM+QuEst+SVM	645	0.230051	1024
JXNU/Emb+RNNLM+QuEst+SVM	646	0.132613	195
JXNU/Emb+RNNLM+QuEst+SVM	647	0.324397	1643
JXNU/Emb+RNNLM+QuEst+SVM	648	0.194575	680
JXNU/Emb+RNNLM+QuEst+SVM	649	0.226325	993
JXNU/Emb+RNNLM+QuEst+SVM	650	0.165712	399
JXNU/Emb+RNNLM+QuEst+SVM	651	0.261498	1311
JXNU/Emb+RNNLM+QuEst+SVM	652	0.118821	132
JXNU/Emb+RNNLM+QuEst+SVM	653	0.211940	850
JXNU/Emb+RNNLM+QuEst+SVM	654	0.174722	468
JXNU/Emb+RNNLM+QuEst+SVM	655	0.194909	682
JXNU/Emb+RNNLM+QuEst+SVM	656	0.143802	247
JXNU/Emb+RNNLM+QuEst+SVM	657	0.132873	196
JXNU/Emb+RNNLM+QuEst+SVM	658	0.362043	1724
JXNU/Emb+RNNLM+QuEst+SVM	659	0.198220	718
JXNU/Emb+RNNLM+QuEst+SVM	660	0.208383	814
JXNU/Emb+RNNLM+QuEst+SVM	661	0.180081	522
JXNU/Emb+RNNLM+QuEst+SVM	662	0.320695	1632
JXNU/Emb+RNNLM+QuEst+SVM	663	0.192827	658
JXNU/Emb+RNNLM+QuEst+SVM	664	0.264011	1324
JXNU/Emb+RNNLM+QuEst+SVM	665	0.234282	1067
JXNU/Emb+RNNLM+QuEst+SVM	666	0.243198	1162
JXNU/Emb+RNNLM+QuEst+SVM	667	0.234851	1076
JXNU/Emb+RNNLM+QuEst+SVM	668	0.142948	244
JXNU/Emb+RNNLM+QuEst+SVM	669	0.135597	211
JXNU/Emb+RNNLM+QuEst+SVM	670	0.125575	163
JXNU/Emb+RNNLM+QuEst+SVM	671	0.161527	368
JXNU/Emb+RNNLM+QuEst+SVM	672	0.213600	868
JXNU/Emb+RNNLM+QuEst+SVM	673	0.075739	39
JXNU/Emb+RNNLM+QuEst+SVM	674	0.185353	570
JXNU/Emb+RNNLM+QuEst+SVM	675	0.119353	136
JXNU/Emb+RNNLM+QuEst+SVM	676	0.478100	1804
JXNU/Emb+RNNLM+QuEst+SVM	677	0.178258	503
JXNU/Emb+RNNLM+QuEst+SVM	678	0.121001	142
JXNU/Emb+RNNLM+QuEst+SVM	679	0.164386	388
JXNU/Emb+RNNLM+QuEst+SVM	680	0.035240	6
JXNU/Emb+RNNLM+QuEst+SVM	681	0.312431	1600
JXNU/Emb+RNNLM+QuEst+SVM	682	0.246535	1184
JXNU/Emb+RNNLM+QuEst+SVM	683	0.204588	783
JXNU/Emb+RNNLM+QuEst+SVM	684	0.169732	431
JXNU/Emb+RNNLM+QuEst+SVM	685	0.362353	1726
JXNU/Emb+RNNLM+QuEst+SVM	686	0.221866	949
JXNU/Emb+RNNLM+QuEst+SVM	687	0.291432	1507
JXNU/Emb+RNNLM+QuEst+SVM	688	0.154017	318
JXNU/Emb+RNNLM+QuEst+SVM	689	0.295848	1529
JXNU/Emb+RNNLM+QuEst+SVM	690	0.282421	1451
JXNU/Emb+RNNLM+QuEst+SVM	691	0.229373	1019
JXNU/Emb+RNNLM+QuEst+SVM	692	0.285912	1471
JXNU/Emb+RNNLM+QuEst+SVM	693	0.501192	1812
JXNU/Emb+RNNLM+QuEst+SVM	694	0.191604	647
JXNU/Emb+RNNLM+QuEst+SVM	695	0.215775	891
JXNU/Emb+RNNLM+QuEst+SVM	696	0.296097	1532
JXNU/Emb+RNNLM+QuEst+SVM	697	0.265694	1336
JXNU/Emb+RNNLM+QuEst+SVM	698	0.255193	1261
JXNU/Emb+RNNLM+QuEst+SVM	699	0.235737	1082
JXNU/Emb+RNNLM+QuEst+SVM	700	0.189288	628
JXNU/Emb+RNNLM+QuEst+SVM	701	0.236323	1090
JXNU/Emb+RNNLM+QuEst+SVM	702	0.221034	943
JXNU/Emb+RNNLM+QuEst+SVM	703	0.153286	316
JXNU/Emb+RNNLM+QuEst+SVM	704	0.166203	403
JXNU/Emb+RNNLM+QuEst+SVM	705	0.150320	291
JXNU/Emb+RNNLM+QuEst+SVM	706	0.200997	749
JXNU/Emb+RNNLM+QuEst+SVM	707	0.224075	970
JXNU/Emb+RNNLM+QuEst+SVM	708	0.180127	523
JXNU/Emb+RNNLM+QuEst+SVM	709	0.207350	806
JXNU/Emb+RNNLM+QuEst+SVM	710	0.327464	1649
JXNU/Emb+RNNLM+QuEst+SVM	711	0.216779	901
JXNU/Emb+RNNLM+QuEst+SVM	712	0.174907	471
JXNU/Emb+RNNLM+QuEst+SVM	713	0.306289	1576
JXNU/Emb+RNNLM+QuEst+SVM	714	0.370112	1735
JXNU/Emb+RNNLM+QuEst+SVM	715	0.458269	1799
JXNU/Emb+RNNLM+QuEst+SVM	716	0.177601	498
JXNU/Emb+RNNLM+QuEst+SVM	717	0.151043	299
JXNU/Emb+RNNLM+QuEst+SVM	718	0.376332	1744
JXNU/Emb+RNNLM+QuEst+SVM	719	0.193326	663
JXNU/Emb+RNNLM+QuEst+SVM	720	0.311511	1595
JXNU/Emb+RNNLM+QuEst+SVM	721	0.200249	735
JXNU/Emb+RNNLM+QuEst+SVM	722	0.194145	672
JXNU/Emb+RNNLM+QuEst+SVM	723	0.175399	478
JXNU/Emb+RNNLM+QuEst+SVM	724	0.219509	929
JXNU/Emb+RNNLM+QuEst+SVM	725	0.191328	645
JXNU/Emb+RNNLM+QuEst+SVM	726	0.315337	1611
JXNU/Emb+RNNLM+QuEst+SVM	727	0.183036	551
JXNU/Emb+RNNLM+QuEst+SVM	728	0.170796	439
JXNU/Emb+RNNLM+QuEst+SVM	729	0.098851	77
JXNU/Emb+RNNLM+QuEst+SVM	730	0.179486	515
JXNU/Emb+RNNLM+QuEst+SVM	731	0.188859	620
JXNU/Emb+RNNLM+QuEst+SVM	732	0.208998	818
JXNU/Emb+RNNLM+QuEst+SVM	733	0.142820	242
JXNU/Emb+RNNLM+QuEst+SVM	734	0.142226	241
JXNU/Emb+RNNLM+QuEst+SVM	735	0.296266	1533
JXNU/Emb+RNNLM+QuEst+SVM	736	0.143827	249
JXNU/Emb+RNNLM+QuEst+SVM	737	0.185471	573
JXNU/Emb+RNNLM+QuEst+SVM	738	0.268972	1369
JXNU/Emb+RNNLM+QuEst+SVM	739	0.242654	1151
JXNU/Emb+RNNLM+QuEst+SVM	740	0.152895	314
JXNU/Emb+RNNLM+QuEst+SVM	741	0.186701	586
JXNU/Emb+RNNLM+QuEst+SVM	742	0.236950	1098
JXNU/Emb+RNNLM+QuEst+SVM	743	0.197828	714
JXNU/Emb+RNNLM+QuEst+SVM	744	0.196280	700
JXNU/Emb+RNNLM+QuEst+SVM	745	0.291283	1506
JXNU/Emb+RNNLM+QuEst+SVM	746	0.227132	1000
JXNU/Emb+RNNLM+QuEst+SVM	747	0.105032	95
JXNU/Emb+RNNLM+QuEst+SVM	748	0.244520	1174
JXNU/Emb+RNNLM+QuEst+SVM	749	0.417142	1781
JXNU/Emb+RNNLM+QuEst+SVM	750	0.303133	1559
JXNU/Emb+RNNLM+QuEst+SVM	751	0.163723	381
JXNU/Emb+RNNLM+QuEst+SVM	752	0.485430	1807
JXNU/Emb+RNNLM+QuEst+SVM	753	0.101942	86
JXNU/Emb+RNNLM+QuEst+SVM	754	0.388387	1756
JXNU/Emb+RNNLM+QuEst+SVM	755	0.238285	1113
JXNU/Emb+RNNLM+QuEst+SVM	756	0.145901	258
JXNU/Emb+RNNLM+QuEst+SVM	757	0.165761	400
JXNU/Emb+RNNLM+QuEst+SVM	758	0.107019	99
JXNU/Emb+RNNLM+QuEst+SVM	759	0.265744	1337
JXNU/Emb+RNNLM+QuEst+SVM	760	0.195554	690
JXNU/Emb+RNNLM+QuEst+SVM	761	0.241903	1146
JXNU/Emb+RNNLM+QuEst+SVM	762	0.297662	1540
JXNU/Emb+RNNLM+QuEst+SVM	763	0.304300	1564
JXNU/Emb+RNNLM+QuEst+SVM	764	0.277936	1426
JXNU/Emb+RNNLM+QuEst+SVM	765	0.288496	1490
JXNU/Emb+RNNLM+QuEst+SVM	766	0.305808	1571
JXNU/Emb+RNNLM+QuEst+SVM	767	0.240885	1142
JXNU/Emb+RNNLM+QuEst+SVM	768	0.198344	719
JXNU/Emb+RNNLM+QuEst+SVM	769	0.298463	1544
JXNU/Emb+RNNLM+QuEst+SVM	770	0.282620	1453
JXNU/Emb+RNNLM+QuEst+SVM	771	0.224108	971
JXNU/Emb+RNNLM+QuEst+SVM	772	0.274703	1399
JXNU/Emb+RNNLM+QuEst+SVM	773	0.226973	999
JXNU/Emb+RNNLM+QuEst+SVM	774	0.239335	1120
JXNU/Emb+RNNLM+QuEst+SVM	775	0.203932	774
JXNU/Emb+RNNLM+QuEst+SVM	776	0.235256	1079
JXNU/Emb+RNNLM+QuEst+SVM	777	0.248118	1200
JXNU/Emb+RNNLM+QuEst+SVM	778	0.123521	154
JXNU/Emb+RNNLM+QuEst+SVM	779	0.304041	1563
JXNU/Emb+RNNLM+QuEst+SVM	780	0.219876	930
JXNU/Emb+RNNLM+QuEst+SVM	781	0.363370	1727
JXNU/Emb+RNNLM+QuEst+SVM	782	0.198068	715
JXNU/Emb+RNNLM+QuEst+SVM	783	0.263080	1318
JXNU/Emb+RNNLM+QuEst+SVM	784	0.281775	1447
JXNU/Emb+RNNLM+QuEst+SVM	785	0.195436	687
JXNU/Emb+RNNLM+QuEst+SVM	786	0.264964	1330
JXNU/Emb+RNNLM+QuEst+SVM	787	0.404072	1770
JXNU/Emb+RNNLM+QuEst+SVM	788	0.172668	452
JXNU/Emb+RNNLM+QuEst+SVM	789	0.213159	863
JXNU/Emb+RNNLM+QuEst+SVM	790	0.237531	1106
JXNU/Emb+RNNLM+QuEst+SVM	791	0.502176	1813
JXNU/Emb+RNNLM+QuEst+SVM	792	0.125094	162
JXNU/Emb+RNNLM+QuEst+SVM	793	0.493907	1810
JXNU/Emb+RNNLM+QuEst+SVM	794	0.259360	1295
JXNU/Emb+RNNLM+QuEst+SVM	795	0.360679	1722
JXNU/Emb+RNNLM+QuEst+SVM	796	0.212509	858
JXNU/Emb+RNNLM+QuEst+SVM	797	0.193228	660
JXNU/Emb+RNNLM+QuEst+SVM	798	0.225247	983
JXNU/Emb+RNNLM+QuEst+SVM	799	0.241584	1145
JXNU/Emb+RNNLM+QuEst+SVM	800	0.168542	421
JXNU/Emb+RNNLM+QuEst+SVM	801	0.386041	1754
JXNU/Emb+RNNLM+QuEst+SVM	802	0.133232	199
JXNU/Emb+RNNLM+QuEst+SVM	803	0.255699	1266
JXNU/Emb+RNNLM+QuEst+SVM	804	0.114746	118
JXNU/Emb+RNNLM+QuEst+SVM	805	0.276643	1412
JXNU/Emb+RNNLM+QuEst+SVM	806	0.303058	1558
JXNU/Emb+RNNLM+QuEst+SVM	807	0.183110	552
JXNU/Emb+RNNLM+QuEst+SVM	808	0.255299	1262
JXNU/Emb+RNNLM+QuEst+SVM	809	0.128357	178
JXNU/Emb+RNNLM+QuEst+SVM	810	0.234300	1068
JXNU/Emb+RNNLM+QuEst+SVM	811	0.191015	644
JXNU/Emb+RNNLM+QuEst+SVM	812	0.254923	1258
JXNU/Emb+RNNLM+QuEst+SVM	813	0.141930	240
JXNU/Emb+RNNLM+QuEst+SVM	814	0.288096	1487
JXNU/Emb+RNNLM+QuEst+SVM	815	0.214992	886
JXNU/Emb+RNNLM+QuEst+SVM	816	0.208579	815
JXNU/Emb+RNNLM+QuEst+SVM	817	0.204014	777
JXNU/Emb+RNNLM+QuEst+SVM	818	0.223575	961
JXNU/Emb+RNNLM+QuEst+SVM	819	0.183858	558
JXNU/Emb+RNNLM+QuEst+SVM	820	0.317632	1621
JXNU/Emb+RNNLM+QuEst+SVM	821	0.317617	1620
JXNU/Emb+RNNLM+QuEst+SVM	822	0.176930	494
JXNU/Emb+RNNLM+QuEst+SVM	823	0.250781	1219
JXNU/Emb+RNNLM+QuEst+SVM	824	0.199749	732
JXNU/Emb+RNNLM+QuEst+SVM	825	0.126732	171
JXNU/Emb+RNNLM+QuEst+SVM	826	0.222991	958
JXNU/Emb+RNNLM+QuEst+SVM	827	0.216940	902
JXNU/Emb+RNNLM+QuEst+SVM	828	0.187826	605
JXNU/Emb+RNNLM+QuEst+SVM	829	0.303381	1560
JXNU/Emb+RNNLM+QuEst+SVM	830	0.158111	345
JXNU/Emb+RNNLM+QuEst+SVM	831	0.236828	1096
JXNU/Emb+RNNLM+QuEst+SVM	832	0.200513	743
JXNU/Emb+RNNLM+QuEst+SVM	833	0.281754	1446
JXNU/Emb+RNNLM+QuEst+SVM	834	0.158923	351
JXNU/Emb+RNNLM+QuEst+SVM	835	0.230953	1037
JXNU/Emb+RNNLM+QuEst+SVM	836	0.409043	1775
JXNU/Emb+RNNLM+QuEst+SVM	837	0.137332	217
JXNU/Emb+RNNLM+QuEst+SVM	838	0.364833	1730
JXNU/Emb+RNNLM+QuEst+SVM	839	0.168929	426
JXNU/Emb+RNNLM+QuEst+SVM	840	0.268305	1363
JXNU/Emb+RNNLM+QuEst+SVM	841	0.296634	1536
JXNU/Emb+RNNLM+QuEst+SVM	842	0.251549	1224
JXNU/Emb+RNNLM+QuEst+SVM	843	0.225483	987
JXNU/Emb+RNNLM+QuEst+SVM	844	0.197779	713
JXNU/Emb+RNNLM+QuEst+SVM	845	0.248606	1204
JXNU/Emb+RNNLM+QuEst+SVM	846	0.234482	1069
JXNU/Emb+RNNLM+QuEst+SVM	847	0.289581	1497
JXNU/Emb+RNNLM+QuEst+SVM	848	0.184127	560
JXNU/Emb+RNNLM+QuEst+SVM	849	0.290449	1500
JXNU/Emb+RNNLM+QuEst+SVM	850	0.255125	1260
JXNU/Emb+RNNLM+QuEst+SVM	851	0.457500	1798
JXNU/Emb+RNNLM+QuEst+SVM	852	0.183027	550
JXNU/Emb+RNNLM+QuEst+SVM	853	0.187095	594
JXNU/Emb+RNNLM+QuEst+SVM	854	0.230937	1035
JXNU/Emb+RNNLM+QuEst+SVM	855	0.198586	724
JXNU/Emb+RNNLM+QuEst+SVM	856	0.335302	1676
JXNU/Emb+RNNLM+QuEst+SVM	857	0.266147	1341
JXNU/Emb+RNNLM+QuEst+SVM	858	0.175684	483
JXNU/Emb+RNNLM+QuEst+SVM	859	0.152724	310
JXNU/Emb+RNNLM+QuEst+SVM	860	0.317224	1618
JXNU/Emb+RNNLM+QuEst+SVM	861	0.292964	1514
JXNU/Emb+RNNLM+QuEst+SVM	862	0.229005	1018
JXNU/Emb+RNNLM+QuEst+SVM	863	0.236232	1088
JXNU/Emb+RNNLM+QuEst+SVM	864	0.188741	619
JXNU/Emb+RNNLM+QuEst+SVM	865	0.236333	1091
JXNU/Emb+RNNLM+QuEst+SVM	866	0.190204	637
JXNU/Emb+RNNLM+QuEst+SVM	867	0.249228	1209
JXNU/Emb+RNNLM+QuEst+SVM	868	0.208650	816
JXNU/Emb+RNNLM+QuEst+SVM	869	0.212910	861
JXNU/Emb+RNNLM+QuEst+SVM	870	0.181041	532
JXNU/Emb+RNNLM+QuEst+SVM	871	0.369734	1734
JXNU/Emb+RNNLM+QuEst+SVM	872	0.339884	1687
JXNU/Emb+RNNLM+QuEst+SVM	873	0.235411	1081
JXNU/Emb+RNNLM+QuEst+SVM	874	0.280456	1442
JXNU/Emb+RNNLM+QuEst+SVM	875	0.164917	391
JXNU/Emb+RNNLM+QuEst+SVM	876	0.196373	701
JXNU/Emb+RNNLM+QuEst+SVM	877	0.080954	46
JXNU/Emb+RNNLM+QuEst+SVM	878	0.136167	213
JXNU/Emb+RNNLM+QuEst+SVM	879	0.101372	82
JXNU/Emb+RNNLM+QuEst+SVM	880	0.181358	535
JXNU/Emb+RNNLM+QuEst+SVM	881	0.200356	738
JXNU/Emb+RNNLM+QuEst+SVM	882	0.259806	1296
JXNU/Emb+RNNLM+QuEst+SVM	883	0.242863	1154
JXNU/Emb+RNNLM+QuEst+SVM	884	0.255779	1267
JXNU/Emb+RNNLM+QuEst+SVM	885	0.294025	1521
JXNU/Emb+RNNLM+QuEst+SVM	886	0.311570	1596
JXNU/Emb+RNNLM+QuEst+SVM	887	0.208229	811
JXNU/Emb+RNNLM+QuEst+SVM	888	0.260151	1298
JXNU/Emb+RNNLM+QuEst+SVM	889	0.293067	1515
JXNU/Emb+RNNLM+QuEst+SVM	890	0.241061	1144
JXNU/Emb+RNNLM+QuEst+SVM	891	0.306153	1575
JXNU/Emb+RNNLM+QuEst+SVM	892	0.232106	1049
JXNU/Emb+RNNLM+QuEst+SVM	893	0.260811	1304
JXNU/Emb+RNNLM+QuEst+SVM	894	0.175752	484
JXNU/Emb+RNNLM+QuEst+SVM	895	0.267850	1360
JXNU/Emb+RNNLM+QuEst+SVM	896	0.137698	219
JXNU/Emb+RNNLM+QuEst+SVM	897	0.275059	1403
JXNU/Emb+RNNLM+QuEst+SVM	898	0.111398	108
JXNU/Emb+RNNLM+QuEst+SVM	899	0.212135	853
JXNU/Emb+RNNLM+QuEst+SVM	900	0.200731	747
JXNU/Emb+RNNLM+QuEst+SVM	901	0.247383	1193
JXNU/Emb+RNNLM+QuEst+SVM	902	0.316035	1615
JXNU/Emb+RNNLM+QuEst+SVM	903	0.350018	1707
JXNU/Emb+RNNLM+QuEst+SVM	904	0.235298	1080
JXNU/Emb+RNNLM+QuEst+SVM	905	0.290912	1503
JXNU/Emb+RNNLM+QuEst+SVM	906	0.188333	611
JXNU/Emb+RNNLM+QuEst+SVM	907	0.152722	309
JXNU/Emb+RNNLM+QuEst+SVM	908	0.216219	896
JXNU/Emb+RNNLM+QuEst+SVM	909	0.129609	184
JXNU/Emb+RNNLM+QuEst+SVM	910	0.177452	497
JXNU/Emb+RNNLM+QuEst+SVM	911	0.266197	1343
JXNU/Emb+RNNLM+QuEst+SVM	912	0.329263	1659
JXNU/Emb+RNNLM+QuEst+SVM	913	0.217696	907
JXNU/Emb+RNNLM+QuEst+SVM	914	0.295468	1528
JXNU/Emb+RNNLM+QuEst+SVM	915	0.343049	1697
JXNU/Emb+RNNLM+QuEst+SVM	916	0.195440	688
JXNU/Emb+RNNLM+QuEst+SVM	917	0.278019	1429
JXNU/Emb+RNNLM+QuEst+SVM	918	0.217448	906
JXNU/Emb+RNNLM+QuEst+SVM	919	0.259023	1291
JXNU/Emb+RNNLM+QuEst+SVM	920	0.187256	596
JXNU/Emb+RNNLM+QuEst+SVM	921	0.253801	1247
JXNU/Emb+RNNLM+QuEst+SVM	922	0.359736	1720
JXNU/Emb+RNNLM+QuEst+SVM	923	0.218449	914
JXNU/Emb+RNNLM+QuEst+SVM	924	0.217932	910
JXNU/Emb+RNNLM+QuEst+SVM	925	0.066965	32
JXNU/Emb+RNNLM+QuEst+SVM	926	0.093300	68
JXNU/Emb+RNNLM+QuEst+SVM	927	0.163037	377
JXNU/Emb+RNNLM+QuEst+SVM	928	0.060260	21
JXNU/Emb+RNNLM+QuEst+SVM	929	0.195764	693
JXNU/Emb+RNNLM+QuEst+SVM	930	0.289922	1498
JXNU/Emb+RNNLM+QuEst+SVM	931	0.126942	173
JXNU/Emb+RNNLM+QuEst+SVM	932	0.179536	517
JXNU/Emb+RNNLM+QuEst+SVM	933	0.225338	984
JXNU/Emb+RNNLM+QuEst+SVM	934	0.205234	789
JXNU/Emb+RNNLM+QuEst+SVM	935	0.288796	1492
JXNU/Emb+RNNLM+QuEst+SVM	936	0.185812	577
JXNU/Emb+RNNLM+QuEst+SVM	937	0.109188	104
JXNU/Emb+RNNLM+QuEst+SVM	938	0.216117	895
JXNU/Emb+RNNLM+QuEst+SVM	939	0.261517	1312
JXNU/Emb+RNNLM+QuEst+SVM	940	0.243410	1164
JXNU/Emb+RNNLM+QuEst+SVM	941	0.294049	1522
JXNU/Emb+RNNLM+QuEst+SVM	942	0.101895	85
JXNU/Emb+RNNLM+QuEst+SVM	943	0.204431	781
JXNU/Emb+RNNLM+QuEst+SVM	944	0.238474	1115
JXNU/Emb+RNNLM+QuEst+SVM	945	0.659693	1817
JXNU/Emb+RNNLM+QuEst+SVM	946	0.167497	410
JXNU/Emb+RNNLM+QuEst+SVM	947	0.152815	313
JXNU/Emb+RNNLM+QuEst+SVM	948	0.181873	539
JXNU/Emb+RNNLM+QuEst+SVM	949	0.286273	1473
JXNU/Emb+RNNLM+QuEst+SVM	950	0.190504	639
JXNU/Emb+RNNLM+QuEst+SVM	951	0.309004	1585
JXNU/Emb+RNNLM+QuEst+SVM	952	0.274538	1397
JXNU/Emb+RNNLM+QuEst+SVM	953	0.298241	1542
JXNU/Emb+RNNLM+QuEst+SVM	954	0.212410	856
JXNU/Emb+RNNLM+QuEst+SVM	955	0.210233	829
JXNU/Emb+RNNLM+QuEst+SVM	956	0.226686	996
JXNU/Emb+RNNLM+QuEst+SVM	957	0.268307	1364
JXNU/Emb+RNNLM+QuEst+SVM	958	0.214105	877
JXNU/Emb+RNNLM+QuEst+SVM	959	0.195469	689
JXNU/Emb+RNNLM+QuEst+SVM	960	0.184661	563
JXNU/Emb+RNNLM+QuEst+SVM	961	0.320586	1631
JXNU/Emb+RNNLM+QuEst+SVM	962	0.190768	640
JXNU/Emb+RNNLM+QuEst+SVM	963	0.253135	1238
JXNU/Emb+RNNLM+QuEst+SVM	964	0.202407	757
JXNU/Emb+RNNLM+QuEst+SVM	965	0.225145	981
JXNU/Emb+RNNLM+QuEst+SVM	966	0.276931	1414
JXNU/Emb+RNNLM+QuEst+SVM	967	0.228494	1014
JXNU/Emb+RNNLM+QuEst+SVM	968	0.446945	1795
JXNU/Emb+RNNLM+QuEst+SVM	969	0.162263	372
JXNU/Emb+RNNLM+QuEst+SVM	970	0.131385	191
JXNU/Emb+RNNLM+QuEst+SVM	971	0.126452	169
JXNU/Emb+RNNLM+QuEst+SVM	972	0.242777	1152
JXNU/Emb+RNNLM+QuEst+SVM	973	0.232411	1051
JXNU/Emb+RNNLM+QuEst+SVM	974	0.271552	1381
JXNU/Emb+RNNLM+QuEst+SVM	975	0.134365	207
JXNU/Emb+RNNLM+QuEst+SVM	976	0.171927	446
JXNU/Emb+RNNLM+QuEst+SVM	977	0.300037	1548
JXNU/Emb+RNNLM+QuEst+SVM	978	0.264500	1328
JXNU/Emb+RNNLM+QuEst+SVM	979	0.197428	710
JXNU/Emb+RNNLM+QuEst+SVM	980	0.181424	536
JXNU/Emb+RNNLM+QuEst+SVM	981	0.190925	642
JXNU/Emb+RNNLM+QuEst+SVM	982	0.120190	138
JXNU/Emb+RNNLM+QuEst+SVM	983	0.081844	47
JXNU/Emb+RNNLM+QuEst+SVM	984	0.264360	1326
JXNU/Emb+RNNLM+QuEst+SVM	985	0.223726	962
JXNU/Emb+RNNLM+QuEst+SVM	986	0.237292	1101
JXNU/Emb+RNNLM+QuEst+SVM	987	0.222090	951
JXNU/Emb+RNNLM+QuEst+SVM	988	0.249403	1212
JXNU/Emb+RNNLM+QuEst+SVM	989	0.164483	389
JXNU/Emb+RNNLM+QuEst+SVM	990	0.189419	630
JXNU/Emb+RNNLM+QuEst+SVM	991	0.211710	846
JXNU/Emb+RNNLM+QuEst+SVM	992	0.203902	773
JXNU/Emb+RNNLM+QuEst+SVM	993	0.233207	1058
JXNU/Emb+RNNLM+QuEst+SVM	994	0.257843	1285
JXNU/Emb+RNNLM+QuEst+SVM	995	0.203576	768
JXNU/Emb+RNNLM+QuEst+SVM	996	0.198187	717
JXNU/Emb+RNNLM+QuEst+SVM	997	0.247739	1196
JXNU/Emb+RNNLM+QuEst+SVM	998	0.178443	506
JXNU/Emb+RNNLM+QuEst+SVM	999	0.204731	785
JXNU/Emb+RNNLM+QuEst+SVM	1000	0.274921	1400
JXNU/Emb+RNNLM+QuEst+SVM	1001	0.176435	488
JXNU/Emb+RNNLM+QuEst+SVM	1002	0.191640	648
JXNU/Emb+RNNLM+QuEst+SVM	1003	0.240562	1139
JXNU/Emb+RNNLM+QuEst+SVM	1004	0.194325	675
JXNU/Emb+RNNLM+QuEst+SVM	1005	0.161422	366
JXNU/Emb+RNNLM+QuEst+SVM	1006	0.178289	504
JXNU/Emb+RNNLM+QuEst+SVM	1007	0.154773	325
JXNU/Emb+RNNLM+QuEst+SVM	1008	0.178357	505
JXNU/Emb+RNNLM+QuEst+SVM	1009	0.181276	534
JXNU/Emb+RNNLM+QuEst+SVM	1010	0.149873	286
JXNU/Emb+RNNLM+QuEst+SVM	1011	0.088364	60
JXNU/Emb+RNNLM+QuEst+SVM	1012	0.288121	1488
JXNU/Emb+RNNLM+QuEst+SVM	1013	0.281842	1449
JXNU/Emb+RNNLM+QuEst+SVM	1014	0.198559	723
JXNU/Emb+RNNLM+QuEst+SVM	1015	0.281823	1448
JXNU/Emb+RNNLM+QuEst+SVM	1016	0.346572	1702
JXNU/Emb+RNNLM+QuEst+SVM	1017	0.227242	1002
JXNU/Emb+RNNLM+QuEst+SVM	1018	0.290707	1502
JXNU/Emb+RNNLM+QuEst+SVM	1019	0.150705	295
JXNU/Emb+RNNLM+QuEst+SVM	1020	0.224044	967
JXNU/Emb+RNNLM+QuEst+SVM	1021	0.242280	1149
JXNU/Emb+RNNLM+QuEst+SVM	1022	0.103684	91
JXNU/Emb+RNNLM+QuEst+SVM	1023	0.174670	467
JXNU/Emb+RNNLM+QuEst+SVM	1024	0.194232	673
JXNU/Emb+RNNLM+QuEst+SVM	1025	0.243138	1161
JXNU/Emb+RNNLM+QuEst+SVM	1026	0.158171	346
JXNU/Emb+RNNLM+QuEst+SVM	1027	0.222190	953
JXNU/Emb+RNNLM+QuEst+SVM	1028	0.209648	826
JXNU/Emb+RNNLM+QuEst+SVM	1029	0.322660	1635
JXNU/Emb+RNNLM+QuEst+SVM	1030	0.285247	1467
JXNU/Emb+RNNLM+QuEst+SVM	1031	0.276240	1411
JXNU/Emb+RNNLM+QuEst+SVM	1032	0.136993	216
JXNU/Emb+RNNLM+QuEst+SVM	1033	0.317292	1619
JXNU/Emb+RNNLM+QuEst+SVM	1034	0.294151	1523
JXNU/Emb+RNNLM+QuEst+SVM	1035	0.248784	1206
JXNU/Emb+RNNLM+QuEst+SVM	1036	0.195676	691
JXNU/Emb+RNNLM+QuEst+SVM	1037	0.220399	935
JXNU/Emb+RNNLM+QuEst+SVM	1038	0.289117	1494
JXNU/Emb+RNNLM+QuEst+SVM	1039	0.172098	448
JXNU/Emb+RNNLM+QuEst+SVM	1040	0.323935	1640
JXNU/Emb+RNNLM+QuEst+SVM	1041	0.073082	37
JXNU/Emb+RNNLM+QuEst+SVM	1042	0.168144	417
JXNU/Emb+RNNLM+QuEst+SVM	1043	0.192300	652
JXNU/Emb+RNNLM+QuEst+SVM	1044	0.326423	1646
JXNU/Emb+RNNLM+QuEst+SVM	1045	0.179304	514
JXNU/Emb+RNNLM+QuEst+SVM	1046	0.277201	1419
JXNU/Emb+RNNLM+QuEst+SVM	1047	0.112837	114
JXNU/Emb+RNNLM+QuEst+SVM	1048	0.265992	1338
JXNU/Emb+RNNLM+QuEst+SVM	1049	0.108606	101
JXNU/Emb+RNNLM+QuEst+SVM	1050	0.145843	257
JXNU/Emb+RNNLM+QuEst+SVM	1051	0.389138	1758
JXNU/Emb+RNNLM+QuEst+SVM	1052	0.152786	311
JXNU/Emb+RNNLM+QuEst+SVM	1053	0.204287	780
JXNU/Emb+RNNLM+QuEst+SVM	1054	0.247326	1191
JXNU/Emb+RNNLM+QuEst+SVM	1055	0.117120	126
JXNU/Emb+RNNLM+QuEst+SVM	1056	0.274596	1398
JXNU/Emb+RNNLM+QuEst+SVM	1057	0.239846	1126
JXNU/Emb+RNNLM+QuEst+SVM	1058	0.256822	1277
JXNU/Emb+RNNLM+QuEst+SVM	1059	0.172538	450
JXNU/Emb+RNNLM+QuEst+SVM	1060	0.137786	220
JXNU/Emb+RNNLM+QuEst+SVM	1061	0.234051	1065
JXNU/Emb+RNNLM+QuEst+SVM	1062	0.124496	158
JXNU/Emb+RNNLM+QuEst+SVM	1063	0.194521	679
JXNU/Emb+RNNLM+QuEst+SVM	1064	0.168922	425
JXNU/Emb+RNNLM+QuEst+SVM	1065	0.165185	393
JXNU/Emb+RNNLM+QuEst+SVM	1066	0.239279	1119
JXNU/Emb+RNNLM+QuEst+SVM	1067	0.193294	661
JXNU/Emb+RNNLM+QuEst+SVM	1068	0.126104	165
JXNU/Emb+RNNLM+QuEst+SVM	1069	0.491367	1809
JXNU/Emb+RNNLM+QuEst+SVM	1070	0.367284	1732
JXNU/Emb+RNNLM+QuEst+SVM	1071	0.318656	1626
JXNU/Emb+RNNLM+QuEst+SVM	1072	0.258612	1288
JXNU/Emb+RNNLM+QuEst+SVM	1073	0.148600	274
JXNU/Emb+RNNLM+QuEst+SVM	1074	0.313309	1603
JXNU/Emb+RNNLM+QuEst+SVM	1075	0.278541	1431
JXNU/Emb+RNNLM+QuEst+SVM	1076	0.111514	109
JXNU/Emb+RNNLM+QuEst+SVM	1077	0.186991	593
JXNU/Emb+RNNLM+QuEst+SVM	1078	0.254568	1253
JXNU/Emb+RNNLM+QuEst+SVM	1079	0.301051	1554
JXNU/Emb+RNNLM+QuEst+SVM	1080	0.224760	977
JXNU/Emb+RNNLM+QuEst+SVM	1081	0.217333	905
JXNU/Emb+RNNLM+QuEst+SVM	1082	0.323953	1641
JXNU/Emb+RNNLM+QuEst+SVM	1083	0.150796	297
JXNU/Emb+RNNLM+QuEst+SVM	1084	0.179777	520
JXNU/Emb+RNNLM+QuEst+SVM	1085	0.049492	16
JXNU/Emb+RNNLM+QuEst+SVM	1086	0.199516	730
JXNU/Emb+RNNLM+QuEst+SVM	1087	0.209315	823
JXNU/Emb+RNNLM+QuEst+SVM	1088	0.168376	419
JXNU/Emb+RNNLM+QuEst+SVM	1089	0.178185	502
JXNU/Emb+RNNLM+QuEst+SVM	1090	0.309059	1586
JXNU/Emb+RNNLM+QuEst+SVM	1091	0.291879	1508
JXNU/Emb+RNNLM+QuEst+SVM	1092	0.083526	54
JXNU/Emb+RNNLM+QuEst+SVM	1093	0.242924	1158
JXNU/Emb+RNNLM+QuEst+SVM	1094	0.170432	437
JXNU/Emb+RNNLM+QuEst+SVM	1095	0.243428	1165
JXNU/Emb+RNNLM+QuEst+SVM	1096	0.239611	1123
JXNU/Emb+RNNLM+QuEst+SVM	1097	0.287484	1481
JXNU/Emb+RNNLM+QuEst+SVM	1098	0.421583	1784
JXNU/Emb+RNNLM+QuEst+SVM	1099	0.297657	1539
JXNU/Emb+RNNLM+QuEst+SVM	1100	0.227522	1006
JXNU/Emb+RNNLM+QuEst+SVM	1101	0.063403	26
JXNU/Emb+RNNLM+QuEst+SVM	1102	0.225235	982
JXNU/Emb+RNNLM+QuEst+SVM	1103	0.372533	1739
JXNU/Emb+RNNLM+QuEst+SVM	1104	0.218859	922
JXNU/Emb+RNNLM+QuEst+SVM	1105	0.328376	1657
JXNU/Emb+RNNLM+QuEst+SVM	1106	0.212290	855
JXNU/Emb+RNNLM+QuEst+SVM	1107	0.124758	160
JXNU/Emb+RNNLM+QuEst+SVM	1108	0.182539	547
JXNU/Emb+RNNLM+QuEst+SVM	1109	0.189789	634
JXNU/Emb+RNNLM+QuEst+SVM	1110	0.200704	745
JXNU/Emb+RNNLM+QuEst+SVM	1111	0.385366	1753
JXNU/Emb+RNNLM+QuEst+SVM	1112	0.222075	950
JXNU/Emb+RNNLM+QuEst+SVM	1113	0.316313	1616
JXNU/Emb+RNNLM+QuEst+SVM	1114	0.289206	1495
JXNU/Emb+RNNLM+QuEst+SVM	1115	0.327821	1653
JXNU/Emb+RNNLM+QuEst+SVM	1116	0.168472	420
JXNU/Emb+RNNLM+QuEst+SVM	1117	0.281685	1445
JXNU/Emb+RNNLM+QuEst+SVM	1118	0.340065	1689
JXNU/Emb+RNNLM+QuEst+SVM	1119	0.126288	167
JXNU/Emb+RNNLM+QuEst+SVM	1120	0.081878	48
JXNU/Emb+RNNLM+QuEst+SVM	1121	0.253708	1245
JXNU/Emb+RNNLM+QuEst+SVM	1122	0.104239	92
JXNU/Emb+RNNLM+QuEst+SVM	1123	0.186978	592
JXNU/Emb+RNNLM+QuEst+SVM	1124	0.247552	1194
JXNU/Emb+RNNLM+QuEst+SVM	1125	0.074934	38
JXNU/Emb+RNNLM+QuEst+SVM	1126	0.048478	14
JXNU/Emb+RNNLM+QuEst+SVM	1127	0.210550	833
JXNU/Emb+RNNLM+QuEst+SVM	1128	0.222750	956
JXNU/Emb+RNNLM+QuEst+SVM	1129	0.192727	657
JXNU/Emb+RNNLM+QuEst+SVM	1130	0.278730	1432
JXNU/Emb+RNNLM+QuEst+SVM	1131	0.341964	1694
JXNU/Emb+RNNLM+QuEst+SVM	1132	0.437641	1792
JXNU/Emb+RNNLM+QuEst+SVM	1133	0.252475	1231
JXNU/Emb+RNNLM+QuEst+SVM	1134	0.195954	695
JXNU/Emb+RNNLM+QuEst+SVM	1135	0.202051	754
JXNU/Emb+RNNLM+QuEst+SVM	1136	0.323935	1639
JXNU/Emb+RNNLM+QuEst+SVM	1137	0.219302	926
JXNU/Emb+RNNLM+QuEst+SVM	1138	0.185668	576
JXNU/Emb+RNNLM+QuEst+SVM	1139	0.208720	817
JXNU/Emb+RNNLM+QuEst+SVM	1140	0.226285	992
JXNU/Emb+RNNLM+QuEst+SVM	1141	0.187363	598
JXNU/Emb+RNNLM+QuEst+SVM	1142	0.197352	707
JXNU/Emb+RNNLM+QuEst+SVM	1143	0.213226	864
JXNU/Emb+RNNLM+QuEst+SVM	1144	0.233090	1057
JXNU/Emb+RNNLM+QuEst+SVM	1145	0.200385	740
JXNU/Emb+RNNLM+QuEst+SVM	1146	0.377903	1747
JXNU/Emb+RNNLM+QuEst+SVM	1147	0.186941	591
JXNU/Emb+RNNLM+QuEst+SVM	1148	0.179033	512
JXNU/Emb+RNNLM+QuEst+SVM	1149	0.157073	341
JXNU/Emb+RNNLM+QuEst+SVM	1150	0.139507	228
JXNU/Emb+RNNLM+QuEst+SVM	1151	0.296488	1535
JXNU/Emb+RNNLM+QuEst+SVM	1152	0.242904	1157
JXNU/Emb+RNNLM+QuEst+SVM	1153	0.154269	320
JXNU/Emb+RNNLM+QuEst+SVM	1154	0.208223	810
JXNU/Emb+RNNLM+QuEst+SVM	1155	0.324225	1642
JXNU/Emb+RNNLM+QuEst+SVM	1156	0.266041	1339
JXNU/Emb+RNNLM+QuEst+SVM	1157	0.236472	1093
JXNU/Emb+RNNLM+QuEst+SVM	1158	0.326326	1645
JXNU/Emb+RNNLM+QuEst+SVM	1159	0.123685	155
JXNU/Emb+RNNLM+QuEst+SVM	1160	0.327755	1651
JXNU/Emb+RNNLM+QuEst+SVM	1161	0.511167	1815
JXNU/Emb+RNNLM+QuEst+SVM	1162	0.215399	887
JXNU/Emb+RNNLM+QuEst+SVM	1163	0.335159	1675
JXNU/Emb+RNNLM+QuEst+SVM	1164	0.160427	361
JXNU/Emb+RNNLM+QuEst+SVM	1165	0.163759	382
JXNU/Emb+RNNLM+QuEst+SVM	1166	0.286861	1477
JXNU/Emb+RNNLM+QuEst+SVM	1167	0.318119	1624
JXNU/Emb+RNNLM+QuEst+SVM	1168	0.231595	1045
JXNU/Emb+RNNLM+QuEst+SVM	1169	0.244346	1172
JXNU/Emb+RNNLM+QuEst+SVM	1170	0.286165	1472
JXNU/Emb+RNNLM+QuEst+SVM	1171	0.212115	852
JXNU/Emb+RNNLM+QuEst+SVM	1172	0.191411	646
JXNU/Emb+RNNLM+QuEst+SVM	1173	0.238983	1117
JXNU/Emb+RNNLM+QuEst+SVM	1174	0.167843	412
JXNU/Emb+RNNLM+QuEst+SVM	1175	0.329654	1660
JXNU/Emb+RNNLM+QuEst+SVM	1176	0.046173	12
JXNU/Emb+RNNLM+QuEst+SVM	1177	0.175430	480
JXNU/Emb+RNNLM+QuEst+SVM	1178	0.064273	27
JXNU/Emb+RNNLM+QuEst+SVM	1179	0.101831	84
JXNU/Emb+RNNLM+QuEst+SVM	1180	0.248734	1205
JXNU/Emb+RNNLM+QuEst+SVM	1181	0.082790	50
JXNU/Emb+RNNLM+QuEst+SVM	1182	0.150151	289
JXNU/Emb+RNNLM+QuEst+SVM	1183	0.164114	384
JXNU/Emb+RNNLM+QuEst+SVM	1184	0.157236	343
JXNU/Emb+RNNLM+QuEst+SVM	1185	0.259079	1292
JXNU/Emb+RNNLM+QuEst+SVM	1186	0.131097	189
JXNU/Emb+RNNLM+QuEst+SVM	1187	0.322512	1634
JXNU/Emb+RNNLM+QuEst+SVM	1188	0.215549	888
JXNU/Emb+RNNLM+QuEst+SVM	1189	0.189220	627
JXNU/Emb+RNNLM+QuEst+SVM	1190	0.318711	1627
JXNU/Emb+RNNLM+QuEst+SVM	1191	0.162480	375
JXNU/Emb+RNNLM+QuEst+SVM	1192	0.185609	574
JXNU/Emb+RNNLM+QuEst+SVM	1193	0.196966	704
JXNU/Emb+RNNLM+QuEst+SVM	1194	0.209059	819
JXNU/Emb+RNNLM+QuEst+SVM	1195	0.211018	839
JXNU/Emb+RNNLM+QuEst+SVM	1196	0.232520	1052
JXNU/Emb+RNNLM+QuEst+SVM	1197	0.327619	1650
JXNU/Emb+RNNLM+QuEst+SVM	1198	0.213617	869
JXNU/Emb+RNNLM+QuEst+SVM	1199	0.224349	972
JXNU/Emb+RNNLM+QuEst+SVM	1200	0.274953	1402
JXNU/Emb+RNNLM+QuEst+SVM	1201	0.309295	1589
JXNU/Emb+RNNLM+QuEst+SVM	1202	0.083633	55
JXNU/Emb+RNNLM+QuEst+SVM	1203	0.147369	270
JXNU/Emb+RNNLM+QuEst+SVM	1204	0.180371	528
JXNU/Emb+RNNLM+QuEst+SVM	1205	0.290000	1499
JXNU/Emb+RNNLM+QuEst+SVM	1206	0.445040	1794
JXNU/Emb+RNNLM+QuEst+SVM	1207	0.167892	414
JXNU/Emb+RNNLM+QuEst+SVM	1208	0.286420	1474
JXNU/Emb+RNNLM+QuEst+SVM	1209	0.216233	897
JXNU/Emb+RNNLM+QuEst+SVM	1210	0.313728	1605
JXNU/Emb+RNNLM+QuEst+SVM	1211	0.206762	795
JXNU/Emb+RNNLM+QuEst+SVM	1212	0.163596	380
JXNU/Emb+RNNLM+QuEst+SVM	1213	0.209118	820
JXNU/Emb+RNNLM+QuEst+SVM	1214	0.121465	145
JXNU/Emb+RNNLM+QuEst+SVM	1215	0.290929	1504
JXNU/Emb+RNNLM+QuEst+SVM	1216	0.226058	989
JXNU/Emb+RNNLM+QuEst+SVM	1217	0.293102	1516
JXNU/Emb+RNNLM+QuEst+SVM	1218	0.277721	1422
JXNU/Emb+RNNLM+QuEst+SVM	1219	0.487703	1808
JXNU/Emb+RNNLM+QuEst+SVM	1220	0.466536	1803
JXNU/Emb+RNNLM+QuEst+SVM	1221	0.171533	443
JXNU/Emb+RNNLM+QuEst+SVM	1222	0.170182	435
JXNU/Emb+RNNLM+QuEst+SVM	1223	0.255600	1265
JXNU/Emb+RNNLM+QuEst+SVM	1224	0.243745	1167
JXNU/Emb+RNNLM+QuEst+SVM	1225	0.240820	1141
JXNU/Emb+RNNLM+QuEst+SVM	1226	0.315717	1614
JXNU/Emb+RNNLM+QuEst+SVM	1227	0.212230	854
JXNU/Emb+RNNLM+QuEst+SVM	1228	0.239914	1129
JXNU/Emb+RNNLM+QuEst+SVM	1229	0.195858	694
JXNU/Emb+RNNLM+QuEst+SVM	1230	0.121917	147
JXNU/Emb+RNNLM+QuEst+SVM	1231	0.183707	556
JXNU/Emb+RNNLM+QuEst+SVM	1232	0.167881	413
JXNU/Emb+RNNLM+QuEst+SVM	1233	0.259257	1294
JXNU/Emb+RNNLM+QuEst+SVM	1234	0.198432	721
JXNU/Emb+RNNLM+QuEst+SVM	1235	0.060236	20
JXNU/Emb+RNNLM+QuEst+SVM	1236	0.253467	1241
JXNU/Emb+RNNLM+QuEst+SVM	1237	0.247110	1187
JXNU/Emb+RNNLM+QuEst+SVM	1238	0.090132	64
JXNU/Emb+RNNLM+QuEst+SVM	1239	0.247726	1195
JXNU/Emb+RNNLM+QuEst+SVM	1240	0.214425	881
JXNU/Emb+RNNLM+QuEst+SVM	1241	0.233885	1064
JXNU/Emb+RNNLM+QuEst+SVM	1242	0.231810	1047
JXNU/Emb+RNNLM+QuEst+SVM	1243	0.302577	1556
JXNU/Emb+RNNLM+QuEst+SVM	1244	0.176809	492
JXNU/Emb+RNNLM+QuEst+SVM	1245	0.066797	31
JXNU/Emb+RNNLM+QuEst+SVM	1246	0.135253	210
JXNU/Emb+RNNLM+QuEst+SVM	1247	0.185359	571
JXNU/Emb+RNNLM+QuEst+SVM	1248	0.223952	965
JXNU/Emb+RNNLM+QuEst+SVM	1249	0.202595	759
JXNU/Emb+RNNLM+QuEst+SVM	1250	0.066480	30
JXNU/Emb+RNNLM+QuEst+SVM	1251	0.096529	74
JXNU/Emb+RNNLM+QuEst+SVM	1252	0.147311	269
JXNU/Emb+RNNLM+QuEst+SVM	1253	0.231060	1038
JXNU/Emb+RNNLM+QuEst+SVM	1254	0.180338	526
JXNU/Emb+RNNLM+QuEst+SVM	1255	0.173096	453
JXNU/Emb+RNNLM+QuEst+SVM	1256	0.140860	237
JXNU/Emb+RNNLM+QuEst+SVM	1257	0.220469	936
JXNU/Emb+RNNLM+QuEst+SVM	1258	0.200711	746
JXNU/Emb+RNNLM+QuEst+SVM	1259	0.139158	225
JXNU/Emb+RNNLM+QuEst+SVM	1260	0.248906	1207
JXNU/Emb+RNNLM+QuEst+SVM	1261	0.204466	782
JXNU/Emb+RNNLM+QuEst+SVM	1262	0.217724	908
JXNU/Emb+RNNLM+QuEst+SVM	1263	0.255320	1263
JXNU/Emb+RNNLM+QuEst+SVM	1264	0.220326	934
JXNU/Emb+RNNLM+QuEst+SVM	1265	0.253725	1246
JXNU/Emb+RNNLM+QuEst+SVM	1266	0.182657	548
JXNU/Emb+RNNLM+QuEst+SVM	1267	0.172021	447
JXNU/Emb+RNNLM+QuEst+SVM	1268	0.418859	1782
JXNU/Emb+RNNLM+QuEst+SVM	1269	0.144485	253
JXNU/Emb+RNNLM+QuEst+SVM	1270	0.188519	616
JXNU/Emb+RNNLM+QuEst+SVM	1271	0.342786	1695
JXNU/Emb+RNNLM+QuEst+SVM	1272	0.133329	200
JXNU/Emb+RNNLM+QuEst+SVM	1273	0.319726	1629
JXNU/Emb+RNNLM+QuEst+SVM	1274	0.229855	1022
JXNU/Emb+RNNLM+QuEst+SVM	1275	0.214640	884
JXNU/Emb+RNNLM+QuEst+SVM	1276	0.233798	1063
JXNU/Emb+RNNLM+QuEst+SVM	1277	0.308144	1581
JXNU/Emb+RNNLM+QuEst+SVM	1278	0.167723	411
JXNU/Emb+RNNLM+QuEst+SVM	1279	0.434606	1789
JXNU/Emb+RNNLM+QuEst+SVM	1280	0.416638	1780
JXNU/Emb+RNNLM+QuEst+SVM	1281	0.234810	1075
JXNU/Emb+RNNLM+QuEst+SVM	1282	0.195419	686
JXNU/Emb+RNNLM+QuEst+SVM	1283	0.214126	878
JXNU/Emb+RNNLM+QuEst+SVM	1284	0.359148	1719
JXNU/Emb+RNNLM+QuEst+SVM	1285	0.221089	944
JXNU/Emb+RNNLM+QuEst+SVM	1286	0.239956	1130
JXNU/Emb+RNNLM+QuEst+SVM	1287	0.159055	352
JXNU/Emb+RNNLM+QuEst+SVM	1288	0.156556	339
JXNU/Emb+RNNLM+QuEst+SVM	1289	0.207062	801
JXNU/Emb+RNNLM+QuEst+SVM	1290	0.155960	335
JXNU/Emb+RNNLM+QuEst+SVM	1291	0.193426	666
JXNU/Emb+RNNLM+QuEst+SVM	1292	0.240169	1133
JXNU/Emb+RNNLM+QuEst+SVM	1293	0.168038	416
JXNU/Emb+RNNLM+QuEst+SVM	1294	0.231463	1044
JXNU/Emb+RNNLM+QuEst+SVM	1295	0.151996	306
JXNU/Emb+RNNLM+QuEst+SVM	1296	0.236938	1097
JXNU/Emb+RNNLM+QuEst+SVM	1297	0.351592	1709
JXNU/Emb+RNNLM+QuEst+SVM	1298	0.301872	1555
JXNU/Emb+RNNLM+QuEst+SVM	1299	0.199226	728
JXNU/Emb+RNNLM+QuEst+SVM	1300	0.175135	475
JXNU/Emb+RNNLM+QuEst+SVM	1301	0.198985	726
JXNU/Emb+RNNLM+QuEst+SVM	1302	0.127966	176
JXNU/Emb+RNNLM+QuEst+SVM	1303	0.322000	1633
JXNU/Emb+RNNLM+QuEst+SVM	1304	0.305949	1572
JXNU/Emb+RNNLM+QuEst+SVM	1305	0.311345	1594
JXNU/Emb+RNNLM+QuEst+SVM	1306	0.226877	997
JXNU/Emb+RNNLM+QuEst+SVM	1307	0.334437	1673
JXNU/Emb+RNNLM+QuEst+SVM	1308	0.246815	1185
JXNU/Emb+RNNLM+QuEst+SVM	1309	0.285774	1470
JXNU/Emb+RNNLM+QuEst+SVM	1310	0.126635	170
JXNU/Emb+RNNLM+QuEst+SVM	1311	0.129099	180
JXNU/Emb+RNNLM+QuEst+SVM	1312	0.038090	8
JXNU/Emb+RNNLM+QuEst+SVM	1313	0.218607	917
JXNU/Emb+RNNLM+QuEst+SVM	1314	0.227222	1001
JXNU/Emb+RNNLM+QuEst+SVM	1315	0.173472	457
JXNU/Emb+RNNLM+QuEst+SVM	1316	0.296736	1538
JXNU/Emb+RNNLM+QuEst+SVM	1317	0.207220	804
JXNU/Emb+RNNLM+QuEst+SVM	1318	0.274945	1401
JXNU/Emb+RNNLM+QuEst+SVM	1319	0.296676	1537
JXNU/Emb+RNNLM+QuEst+SVM	1320	0.192053	651
JXNU/Emb+RNNLM+QuEst+SVM	1321	0.230500	1030
JXNU/Emb+RNNLM+QuEst+SVM	1322	0.048598	15
JXNU/Emb+RNNLM+QuEst+SVM	1323	0.262317	1315
JXNU/Emb+RNNLM+QuEst+SVM	1324	0.396650	1765
JXNU/Emb+RNNLM+QuEst+SVM	1325	0.218479	916
JXNU/Emb+RNNLM+QuEst+SVM	1326	0.164288	387
JXNU/Emb+RNNLM+QuEst+SVM	1327	0.166689	404
JXNU/Emb+RNNLM+QuEst+SVM	1328	0.230887	1034
JXNU/Emb+RNNLM+QuEst+SVM	1329	0.331750	1667
JXNU/Emb+RNNLM+QuEst+SVM	1330	0.237956	1108
JXNU/Emb+RNNLM+QuEst+SVM	1331	0.287185	1480
JXNU/Emb+RNNLM+QuEst+SVM	1332	0.270689	1375
JXNU/Emb+RNNLM+QuEst+SVM	1333	0.164226	386
JXNU/Emb+RNNLM+QuEst+SVM	1334	0.120678	141
JXNU/Emb+RNNLM+QuEst+SVM	1335	0.125710	164
JXNU/Emb+RNNLM+QuEst+SVM	1336	0.167409	409
JXNU/Emb+RNNLM+QuEst+SVM	1337	0.349560	1705
JXNU/Emb+RNNLM+QuEst+SVM	1338	0.220810	938
JXNU/Emb+RNNLM+QuEst+SVM	1339	0.106724	98
JXNU/Emb+RNNLM+QuEst+SVM	1340	0.227287	1004
JXNU/Emb+RNNLM+QuEst+SVM	1341	0.230244	1027
JXNU/Emb+RNNLM+QuEst+SVM	1342	0.282826	1458
JXNU/Emb+RNNLM+QuEst+SVM	1343	0.266570	1347
JXNU/Emb+RNNLM+QuEst+SVM	1344	0.204247	779
JXNU/Emb+RNNLM+QuEst+SVM	1345	0.156190	336
JXNU/Emb+RNNLM+QuEst+SVM	1346	0.173139	454
JXNU/Emb+RNNLM+QuEst+SVM	1347	0.251408	1222
JXNU/Emb+RNNLM+QuEst+SVM	1348	0.253065	1237
JXNU/Emb+RNNLM+QuEst+SVM	1349	0.309245	1588
JXNU/Emb+RNNLM+QuEst+SVM	1350	0.275975	1407
JXNU/Emb+RNNLM+QuEst+SVM	1351	0.266555	1346
JXNU/Emb+RNNLM+QuEst+SVM	1352	0.242208	1148
JXNU/Emb+RNNLM+QuEst+SVM	1353	0.288908	1493
JXNU/Emb+RNNLM+QuEst+SVM	1354	0.167403	408
JXNU/Emb+RNNLM+QuEst+SVM	1355	0.107939	100
JXNU/Emb+RNNLM+QuEst+SVM	1356	0.261021	1306
JXNU/Emb+RNNLM+QuEst+SVM	1357	0.140489	235
JXNU/Emb+RNNLM+QuEst+SVM	1358	0.247872	1197
JXNU/Emb+RNNLM+QuEst+SVM	1359	0.336232	1679
JXNU/Emb+RNNLM+QuEst+SVM	1360	0.218448	913
JXNU/Emb+RNNLM+QuEst+SVM	1361	0.204825	786
JXNU/Emb+RNNLM+QuEst+SVM	1362	0.224055	968
JXNU/Emb+RNNLM+QuEst+SVM	1363	0.253261	1239
JXNU/Emb+RNNLM+QuEst+SVM	1364	0.342977	1696
JXNU/Emb+RNNLM+QuEst+SVM	1365	0.197469	711
JXNU/Emb+RNNLM+QuEst+SVM	1366	0.192425	653
JXNU/Emb+RNNLM+QuEst+SVM	1367	0.176819	493
JXNU/Emb+RNNLM+QuEst+SVM	1368	0.260159	1299
JXNU/Emb+RNNLM+QuEst+SVM	1369	0.091553	66
JXNU/Emb+RNNLM+QuEst+SVM	1370	0.336134	1677
JXNU/Emb+RNNLM+QuEst+SVM	1371	0.203505	766
JXNU/Emb+RNNLM+QuEst+SVM	1372	0.151485	304
JXNU/Emb+RNNLM+QuEst+SVM	1373	0.329132	1658
JXNU/Emb+RNNLM+QuEst+SVM	1374	0.030154	4
JXNU/Emb+RNNLM+QuEst+SVM	1375	0.146228	261
JXNU/Emb+RNNLM+QuEst+SVM	1376	0.276801	1413
JXNU/Emb+RNNLM+QuEst+SVM	1377	0.219938	931
JXNU/Emb+RNNLM+QuEst+SVM	1378	0.277450	1421
JXNU/Emb+RNNLM+QuEst+SVM	1379	0.186081	580
JXNU/Emb+RNNLM+QuEst+SVM	1380	0.186687	584
JXNU/Emb+RNNLM+QuEst+SVM	1381	0.152155	308
JXNU/Emb+RNNLM+QuEst+SVM	1382	0.150706	296
JXNU/Emb+RNNLM+QuEst+SVM	1383	0.178864	510
JXNU/Emb+RNNLM+QuEst+SVM	1384	0.206751	794
JXNU/Emb+RNNLM+QuEst+SVM	1385	0.420211	1783
JXNU/Emb+RNNLM+QuEst+SVM	1386	0.222591	955
JXNU/Emb+RNNLM+QuEst+SVM	1387	0.232905	1056
JXNU/Emb+RNNLM+QuEst+SVM	1388	0.189205	626
JXNU/Emb+RNNLM+QuEst+SVM	1389	0.266698	1349
JXNU/Emb+RNNLM+QuEst+SVM	1390	0.148382	273
JXNU/Emb+RNNLM+QuEst+SVM	1391	0.257816	1284
JXNU/Emb+RNNLM+QuEst+SVM	1392	0.223969	966
JXNU/Emb+RNNLM+QuEst+SVM	1393	0.192466	655
JXNU/Emb+RNNLM+QuEst+SVM	1394	0.238401	1114
JXNU/Emb+RNNLM+QuEst+SVM	1395	0.143884	251
JXNU/Emb+RNNLM+QuEst+SVM	1396	0.171510	442
JXNU/Emb+RNNLM+QuEst+SVM	1397	0.187300	597
JXNU/Emb+RNNLM+QuEst+SVM	1398	0.231267	1039
JXNU/Emb+RNNLM+QuEst+SVM	1399	0.293437	1518
JXNU/Emb+RNNLM+QuEst+SVM	1400	0.278877	1433
JXNU/Emb+RNNLM+QuEst+SVM	1401	0.210427	830
JXNU/Emb+RNNLM+QuEst+SVM	1402	0.216699	900
JXNU/Emb+RNNLM+QuEst+SVM	1403	0.299307	1547
JXNU/Emb+RNNLM+QuEst+SVM	1404	0.121822	146
JXNU/Emb+RNNLM+QuEst+SVM	1405	0.259987	1297
JXNU/Emb+RNNLM+QuEst+SVM	1406	0.094278	70
JXNU/Emb+RNNLM+QuEst+SVM	1407	0.155362	331
JXNU/Emb+RNNLM+QuEst+SVM	1408	0.305777	1570
JXNU/Emb+RNNLM+QuEst+SVM	1409	0.312197	1599
JXNU/Emb+RNNLM+QuEst+SVM	1410	0.171286	440
JXNU/Emb+RNNLM+QuEst+SVM	1411	0.165228	395
JXNU/Emb+RNNLM+QuEst+SVM	1412	0.261991	1313
JXNU/Emb+RNNLM+QuEst+SVM	1413	0.139522	229
JXNU/Emb+RNNLM+QuEst+SVM	1414	0.268622	1366
JXNU/Emb+RNNLM+QuEst+SVM	1415	0.174934	473
JXNU/Emb+RNNLM+QuEst+SVM	1416	0.251840	1227
JXNU/Emb+RNNLM+QuEst+SVM	1417	0.095951	72
JXNU/Emb+RNNLM+QuEst+SVM	1418	0.141925	239
JXNU/Emb+RNNLM+QuEst+SVM	1419	0.196877	703
JXNU/Emb+RNNLM+QuEst+SVM	1420	0.176252	487
JXNU/Emb+RNNLM+QuEst+SVM	1421	0.130065	186
JXNU/Emb+RNNLM+QuEst+SVM	1422	0.158271	348
JXNU/Emb+RNNLM+QuEst+SVM	1423	0.386182	1755
JXNU/Emb+RNNLM+QuEst+SVM	1424	0.170011	434
JXNU/Emb+RNNLM+QuEst+SVM	1425	0.309220	1587
JXNU/Emb+RNNLM+QuEst+SVM	1426	0.283147	1459
JXNU/Emb+RNNLM+QuEst+SVM	1427	0.173565	458
JXNU/Emb+RNNLM+QuEst+SVM	1428	0.182391	545
JXNU/Emb+RNNLM+QuEst+SVM	1429	0.133116	198
JXNU/Emb+RNNLM+QuEst+SVM	1430	0.220658	937
JXNU/Emb+RNNLM+QuEst+SVM	1431	0.229721	1021
JXNU/Emb+RNNLM+QuEst+SVM	1432	0.283848	1462
JXNU/Emb+RNNLM+QuEst+SVM	1433	0.169441	429
JXNU/Emb+RNNLM+QuEst+SVM	1434	0.243775	1168
JXNU/Emb+RNNLM+QuEst+SVM	1435	0.239688	1125
JXNU/Emb+RNNLM+QuEst+SVM	1436	0.197015	705
JXNU/Emb+RNNLM+QuEst+SVM	1437	0.175250	476
JXNU/Emb+RNNLM+QuEst+SVM	1438	0.194490	678
JXNU/Emb+RNNLM+QuEst+SVM	1439	0.313617	1604
JXNU/Emb+RNNLM+QuEst+SVM	1440	0.138798	223
JXNU/Emb+RNNLM+QuEst+SVM	1441	0.209251	821
JXNU/Emb+RNNLM+QuEst+SVM	1442	0.196019	696
JXNU/Emb+RNNLM+QuEst+SVM	1443	0.251617	1225
JXNU/Emb+RNNLM+QuEst+SVM	1444	0.218698	918
JXNU/Emb+RNNLM+QuEst+SVM	1445	0.146551	267
JXNU/Emb+RNNLM+QuEst+SVM	1446	0.140241	233
JXNU/Emb+RNNLM+QuEst+SVM	1447	0.123138	153
JXNU/Emb+RNNLM+QuEst+SVM	1448	0.364285	1728
JXNU/Emb+RNNLM+QuEst+SVM	1449	0.193515	669
JXNU/Emb+RNNLM+QuEst+SVM	1450	0.100176	80
JXNU/Emb+RNNLM+QuEst+SVM	1451	0.149070	279
JXNU/Emb+RNNLM+QuEst+SVM	1452	0.247894	1198
JXNU/Emb+RNNLM+QuEst+SVM	1453	0.164945	392
JXNU/Emb+RNNLM+QuEst+SVM	1454	0.288386	1489
JXNU/Emb+RNNLM+QuEst+SVM	1455	0.213866	872
JXNU/Emb+RNNLM+QuEst+SVM	1456	0.237364	1105
JXNU/Emb+RNNLM+QuEst+SVM	1457	0.168685	422
JXNU/Emb+RNNLM+QuEst+SVM	1458	0.160494	362
JXNU/Emb+RNNLM+QuEst+SVM	1459	0.185023	567
JXNU/Emb+RNNLM+QuEst+SVM	1460	0.221252	945
JXNU/Emb+RNNLM+QuEst+SVM	1461	0.136612	214
JXNU/Emb+RNNLM+QuEst+SVM	1462	0.279346	1436
JXNU/Emb+RNNLM+QuEst+SVM	1463	0.094802	71
JXNU/Emb+RNNLM+QuEst+SVM	1464	0.388828	1757
JXNU/Emb+RNNLM+QuEst+SVM	1465	0.265372	1332
JXNU/Emb+RNNLM+QuEst+SVM	1466	0.239884	1127
JXNU/Emb+RNNLM+QuEst+SVM	1467	0.203835	771
JXNU/Emb+RNNLM+QuEst+SVM	1468	0.429833	1786
JXNU/Emb+RNNLM+QuEst+SVM	1469	0.192933	659
JXNU/Emb+RNNLM+QuEst+SVM	1470	0.143257	245
JXNU/Emb+RNNLM+QuEst+SVM	1471	0.308829	1584
JXNU/Emb+RNNLM+QuEst+SVM	1472	0.464122	1801
JXNU/Emb+RNNLM+QuEst+SVM	1473	0.122825	152
JXNU/Emb+RNNLM+QuEst+SVM	1474	0.046338	13
JXNU/Emb+RNNLM+QuEst+SVM	1475	0.210983	837
JXNU/Emb+RNNLM+QuEst+SVM	1476	0.104575	94
JXNU/Emb+RNNLM+QuEst+SVM	1477	0.245660	1178
JXNU/Emb+RNNLM+QuEst+SVM	1478	0.337404	1681
JXNU/Emb+RNNLM+QuEst+SVM	1479	0.182439	546
JXNU/Emb+RNNLM+QuEst+SVM	1480	0.211617	845
JXNU/Emb+RNNLM+QuEst+SVM	1481	0.116286	122
JXNU/Emb+RNNLM+QuEst+SVM	1482	0.333247	1671
JXNU/Emb+RNNLM+QuEst+SVM	1483	0.400533	1766
JXNU/Emb+RNNLM+QuEst+SVM	1484	0.195085	684
JXNU/Emb+RNNLM+QuEst+SVM	1485	0.332219	1668
JXNU/Emb+RNNLM+QuEst+SVM	1486	0.247376	1192
JXNU/Emb+RNNLM+QuEst+SVM	1487	0.267273	1352
JXNU/Emb+RNNLM+QuEst+SVM	1488	0.215905	893
JXNU/Emb+RNNLM+QuEst+SVM	1489	0.191765	650
JXNU/Emb+RNNLM+QuEst+SVM	1490	0.353045	1711
JXNU/Emb+RNNLM+QuEst+SVM	1491	0.372268	1738
JXNU/Emb+RNNLM+QuEst+SVM	1492	0.238212	1111
JXNU/Emb+RNNLM+QuEst+SVM	1493	0.272641	1386
JXNU/Emb+RNNLM+QuEst+SVM	1494	0.179535	516
JXNU/Emb+RNNLM+QuEst+SVM	1495	0.273102	1389
JXNU/Emb+RNNLM+QuEst+SVM	1496	0.149339	282
JXNU/Emb+RNNLM+QuEst+SVM	1497	0.206882	798
JXNU/Emb+RNNLM+QuEst+SVM	1498	0.233451	1059
JXNU/Emb+RNNLM+QuEst+SVM	1499	0.253858	1248
JXNU/Emb+RNNLM+QuEst+SVM	1500	0.252571	1232
JXNU/Emb+RNNLM+QuEst+SVM	1501	0.139794	230
JXNU/Emb+RNNLM+QuEst+SVM	1502	0.119122	134
JXNU/Emb+RNNLM+QuEst+SVM	1503	0.213548	866
JXNU/Emb+RNNLM+QuEst+SVM	1504	0.375226	1743
JXNU/Emb+RNNLM+QuEst+SVM	1505	0.284812	1464
JXNU/Emb+RNNLM+QuEst+SVM	1506	0.155840	334
JXNU/Emb+RNNLM+QuEst+SVM	1507	0.230151	1025
JXNU/Emb+RNNLM+QuEst+SVM	1508	0.153575	317
JXNU/Emb+RNNLM+QuEst+SVM	1509	0.071690	35
JXNU/Emb+RNNLM+QuEst+SVM	1510	0.249012	1208
JXNU/Emb+RNNLM+QuEst+SVM	1511	0.182903	549
JXNU/Emb+RNNLM+QuEst+SVM	1512	0.226178	990
JXNU/Emb+RNNLM+QuEst+SVM	1513	0.290591	1501
JXNU/Emb+RNNLM+QuEst+SVM	1514	0.275187	1404
JXNU/Emb+RNNLM+QuEst+SVM	1515	0.260745	1302
JXNU/Emb+RNNLM+QuEst+SVM	1516	0.174914	472
JXNU/Emb+RNNLM+QuEst+SVM	1517	0.239544	1121
JXNU/Emb+RNNLM+QuEst+SVM	1518	0.124250	156
JXNU/Emb+RNNLM+QuEst+SVM	1519	0.204879	788
JXNU/Emb+RNNLM+QuEst+SVM	1520	0.167022	406
JXNU/Emb+RNNLM+QuEst+SVM	1521	0.147378	271
JXNU/Emb+RNNLM+QuEst+SVM	1522	0.213274	865
JXNU/Emb+RNNLM+QuEst+SVM	1523	0.169850	433
JXNU/Emb+RNNLM+QuEst+SVM	1524	0.383550	1751
JXNU/Emb+RNNLM+QuEst+SVM	1525	0.155193	329
JXNU/Emb+RNNLM+QuEst+SVM	1526	0.198495	722
JXNU/Emb+RNNLM+QuEst+SVM	1527	0.196214	699
JXNU/Emb+RNNLM+QuEst+SVM	1528	0.088558	61
JXNU/Emb+RNNLM+QuEst+SVM	1529	0.239576	1122
JXNU/Emb+RNNLM+QuEst+SVM	1530	0.128177	177
JXNU/Emb+RNNLM+QuEst+SVM	1531	0.169739	432
JXNU/Emb+RNNLM+QuEst+SVM	1532	0.151344	303
JXNU/Emb+RNNLM+QuEst+SVM	1533	0.308734	1583
JXNU/Emb+RNNLM+QuEst+SVM	1534	0.173923	460
JXNU/Emb+RNNLM+QuEst+SVM	1535	0.154999	328
JXNU/Emb+RNNLM+QuEst+SVM	1536	0.245633	1177
JXNU/Emb+RNNLM+QuEst+SVM	1537	0.202624	761
JXNU/Emb+RNNLM+QuEst+SVM	1538	0.069401	34
JXNU/Emb+RNNLM+QuEst+SVM	1539	0.282646	1455
JXNU/Emb+RNNLM+QuEst+SVM	1540	0.113154	115
JXNU/Emb+RNNLM+QuEst+SVM	1541	0.262239	1314
JXNU/Emb+RNNLM+QuEst+SVM	1542	0.209570	824
JXNU/Emb+RNNLM+QuEst+SVM	1543	0.197560	712
JXNU/Emb+RNNLM+QuEst+SVM	1544	0.146634	268
JXNU/Emb+RNNLM+QuEst+SVM	1545	0.227814	1008
JXNU/Emb+RNNLM+QuEst+SVM	1546	0.111231	107
JXNU/Emb+RNNLM+QuEst+SVM	1547	0.287177	1479
JXNU/Emb+RNNLM+QuEst+SVM	1548	0.134877	208
JXNU/Emb+RNNLM+QuEst+SVM	1549	0.166164	402
JXNU/Emb+RNNLM+QuEst+SVM	1550	0.083034	53
JXNU/Emb+RNNLM+QuEst+SVM	1551	0.175825	485
JXNU/Emb+RNNLM+QuEst+SVM	1552	0.315523	1612
JXNU/Emb+RNNLM+QuEst+SVM	1553	0.260543	1301
JXNU/Emb+RNNLM+QuEst+SVM	1554	0.247919	1199
JXNU/Emb+RNNLM+QuEst+SVM	1555	0.287171	1478
JXNU/Emb+RNNLM+QuEst+SVM	1556	0.226573	995
JXNU/Emb+RNNLM+QuEst+SVM	1557	0.425130	1785
JXNU/Emb+RNNLM+QuEst+SVM	1558	0.179175	513
JXNU/Emb+RNNLM+QuEst+SVM	1559	0.272866	1387
JXNU/Emb+RNNLM+QuEst+SVM	1560	0.231359	1042
JXNU/Emb+RNNLM+QuEst+SVM	1561	0.115532	120
JXNU/Emb+RNNLM+QuEst+SVM	1562	0.183739	557
JXNU/Emb+RNNLM+QuEst+SVM	1563	0.450169	1796
JXNU/Emb+RNNLM+QuEst+SVM	1564	0.240493	1135
JXNU/Emb+RNNLM+QuEst+SVM	1565	0.271179	1379
JXNU/Emb+RNNLM+QuEst+SVM	1566	0.230261	1029
JXNU/Emb+RNNLM+QuEst+SVM	1567	0.287874	1483
JXNU/Emb+RNNLM+QuEst+SVM	1568	0.190005	636
JXNU/Emb+RNNLM+QuEst+SVM	1569	0.230237	1026
JXNU/Emb+RNNLM+QuEst+SVM	1570	0.212112	851
JXNU/Emb+RNNLM+QuEst+SVM	1571	0.159695	354
JXNU/Emb+RNNLM+QuEst+SVM	1572	0.105784	96
JXNU/Emb+RNNLM+QuEst+SVM	1573	0.224655	973
JXNU/Emb+RNNLM+QuEst+SVM	1574	0.277753	1423
JXNU/Emb+RNNLM+QuEst+SVM	1575	0.304457	1566
JXNU/Emb+RNNLM+QuEst+SVM	1576	0.328248	1655
JXNU/Emb+RNNLM+QuEst+SVM	1577	0.260756	1303
JXNU/Emb+RNNLM+QuEst+SVM	1578	0.188533	617
JXNU/Emb+RNNLM+QuEst+SVM	1579	0.294582	1525
JXNU/Emb+RNNLM+QuEst+SVM	1580	0.277995	1428
JXNU/Emb+RNNLM+QuEst+SVM	1581	0.257437	1282
JXNU/Emb+RNNLM+QuEst+SVM	1582	0.338625	1682
JXNU/Emb+RNNLM+QuEst+SVM	1583	0.222916	957
JXNU/Emb+RNNLM+QuEst+SVM	1584	0.298678	1545
JXNU/Emb+RNNLM+QuEst+SVM	1585	0.298364	1543
JXNU/Emb+RNNLM+QuEst+SVM	1586	0.232748	1055
JXNU/Emb+RNNLM+QuEst+SVM	1587	0.223359	960
JXNU/Emb+RNNLM+QuEst+SVM	1588	0.292507	1511
JXNU/Emb+RNNLM+QuEst+SVM	1589	0.244399	1173
JXNU/Emb+RNNLM+QuEst+SVM	1590	0.149204	281
JXNU/Emb+RNNLM+QuEst+SVM	1591	0.200144	733
JXNU/Emb+RNNLM+QuEst+SVM	1592	0.339022	1685
JXNU/Emb+RNNLM+QuEst+SVM	1593	0.144437	252
JXNU/Emb+RNNLM+QuEst+SVM	1594	0.235140	1078
JXNU/Emb+RNNLM+QuEst+SVM	1595	0.159829	355
JXNU/Emb+RNNLM+QuEst+SVM	1596	0.058222	18
JXNU/Emb+RNNLM+QuEst+SVM	1597	0.310612	1593
JXNU/Emb+RNNLM+QuEst+SVM	1598	0.145787	256
JXNU/Emb+RNNLM+QuEst+SVM	1599	0.154806	326
JXNU/Emb+RNNLM+QuEst+SVM	1600	0.242326	1150
JXNU/Emb+RNNLM+QuEst+SVM	1601	0.250444	1218
JXNU/Emb+RNNLM+QuEst+SVM	1602	0.274506	1395
JXNU/Emb+RNNLM+QuEst+SVM	1603	0.253551	1242
JXNU/Emb+RNNLM+QuEst+SVM	1604	0.254523	1252
JXNU/Emb+RNNLM+QuEst+SVM	1605	0.203258	764
JXNU/Emb+RNNLM+QuEst+SVM	1606	0.112252	112
JXNU/Emb+RNNLM+QuEst+SVM	1607	0.203462	765
JXNU/Emb+RNNLM+QuEst+SVM	1608	0.239901	1128
JXNU/Emb+RNNLM+QuEst+SVM	1609	0.181783	537
JXNU/Emb+RNNLM+QuEst+SVM	1610	0.120397	139
JXNU/Emb+RNNLM+QuEst+SVM	1611	0.177977	501
JXNU/Emb+RNNLM+QuEst+SVM	1612	0.186885	590
JXNU/Emb+RNNLM+QuEst+SVM	1613	0.180355	527
JXNU/Emb+RNNLM+QuEst+SVM	1614	0.108910	103
JXNU/Emb+RNNLM+QuEst+SVM	1615	0.292905	1513
JXNU/Emb+RNNLM+QuEst+SVM	1616	0.208249	813
JXNU/Emb+RNNLM+QuEst+SVM	1617	0.296294	1534
JXNU/Emb+RNNLM+QuEst+SVM	1618	0.225711	988
JXNU/Emb+RNNLM+QuEst+SVM	1619	0.172448	449
JXNU/Emb+RNNLM+QuEst+SVM	1620	0.217756	909
JXNU/Emb+RNNLM+QuEst+SVM	1621	0.220085	933
JXNU/Emb+RNNLM+QuEst+SVM	1622	0.270724	1376
JXNU/Emb+RNNLM+QuEst+SVM	1623	0.274531	1396
JXNU/Emb+RNNLM+QuEst+SVM	1624	0.236241	1089
JXNU/Emb+RNNLM+QuEst+SVM	1625	0.263715	1322
JXNU/Emb+RNNLM+QuEst+SVM	1626	0.371153	1736
JXNU/Emb+RNNLM+QuEst+SVM	1627	0.252579	1233
JXNU/Emb+RNNLM+QuEst+SVM	1628	0.127288	174
JXNU/Emb+RNNLM+QuEst+SVM	1629	0.203967	776
JXNU/Emb+RNNLM+QuEst+SVM	1630	0.201192	750
JXNU/Emb+RNNLM+QuEst+SVM	1631	0.268111	1362
JXNU/Emb+RNNLM+QuEst+SVM	1632	0.256486	1274
JXNU/Emb+RNNLM+QuEst+SVM	1633	0.124677	159
JXNU/Emb+RNNLM+QuEst+SVM	1634	0.437465	1791
JXNU/Emb+RNNLM+QuEst+SVM	1635	0.292110	1510
JXNU/Emb+RNNLM+QuEst+SVM	1636	0.318318	1625
JXNU/Emb+RNNLM+QuEst+SVM	1637	0.102755	88
JXNU/Emb+RNNLM+QuEst+SVM	1638	0.133391	201
JXNU/Emb+RNNLM+QuEst+SVM	1639	0.163152	379
JXNU/Emb+RNNLM+QuEst+SVM	1640	0.132927	197
JXNU/Emb+RNNLM+QuEst+SVM	1641	0.193669	670
JXNU/Emb+RNNLM+QuEst+SVM	1642	0.238766	1116
JXNU/Emb+RNNLM+QuEst+SVM	1643	0.131525	192
JXNU/Emb+RNNLM+QuEst+SVM	1644	0.483974	1805
JXNU/Emb+RNNLM+QuEst+SVM	1645	0.230834	1033
JXNU/Emb+RNNLM+QuEst+SVM	1646	0.153180	315
JXNU/Emb+RNNLM+QuEst+SVM	1647	0.101567	83
JXNU/Emb+RNNLM+QuEst+SVM	1648	0.314834	1610
JXNU/Emb+RNNLM+QuEst+SVM	1649	0.300410	1551
JXNU/Emb+RNNLM+QuEst+SVM	1650	0.176801	491
JXNU/Emb+RNNLM+QuEst+SVM	1651	0.112017	111
JXNU/Emb+RNNLM+QuEst+SVM	1652	0.064298	28
JXNU/Emb+RNNLM+QuEst+SVM	1653	0.169225	428
JXNU/Emb+RNNLM+QuEst+SVM	1654	0.251339	1221
JXNU/Emb+RNNLM+QuEst+SVM	1655	0.355166	1714
JXNU/Emb+RNNLM+QuEst+SVM	1656	0.131764	194
JXNU/Emb+RNNLM+QuEst+SVM	1657	0.121350	143
JXNU/Emb+RNNLM+QuEst+SVM	1658	0.256692	1276
JXNU/Emb+RNNLM+QuEst+SVM	1659	0.275983	1408
JXNU/Emb+RNNLM+QuEst+SVM	1660	0.201305	753
JXNU/Emb+RNNLM+QuEst+SVM	1661	0.273694	1391
JXNU/Emb+RNNLM+QuEst+SVM	1662	0.252936	1236
JXNU/Emb+RNNLM+QuEst+SVM	1663	0.249390	1211
JXNU/Emb+RNNLM+QuEst+SVM	1664	0.219464	927
JXNU/Emb+RNNLM+QuEst+SVM	1665	0.207072	803
JXNU/Emb+RNNLM+QuEst+SVM	1666	0.185839	578
JXNU/Emb+RNNLM+QuEst+SVM	1667	0.279663	1438
JXNU/Emb+RNNLM+QuEst+SVM	1668	0.220847	940
JXNU/Emb+RNNLM+QuEst+SVM	1669	0.188918	621
JXNU/Emb+RNNLM+QuEst+SVM	1670	0.222531	954
JXNU/Emb+RNNLM+QuEst+SVM	1671	0.128589	179
JXNU/Emb+RNNLM+QuEst+SVM	1672	0.254164	1249
JXNU/Emb+RNNLM+QuEst+SVM	1673	0.117514	130
JXNU/Emb+RNNLM+QuEst+SVM	1674	0.213819	870
JXNU/Emb+RNNLM+QuEst+SVM	1675	0.186769	588
JXNU/Emb+RNNLM+QuEst+SVM	1676	0.237325	1103
JXNU/Emb+RNNLM+QuEst+SVM	1677	0.096767	75
JXNU/Emb+RNNLM+QuEst+SVM	1678	0.203868	772
JXNU/Emb+RNNLM+QuEst+SVM	1679	0.147451	272
JXNU/Emb+RNNLM+QuEst+SVM	1680	0.243034	1160
JXNU/Emb+RNNLM+QuEst+SVM	1681	0.148984	278
JXNU/Emb+RNNLM+QuEst+SVM	1682	0.134971	209
JXNU/Emb+RNNLM+QuEst+SVM	1683	0.311667	1597
JXNU/Emb+RNNLM+QuEst+SVM	1684	0.251845	1228
JXNU/Emb+RNNLM+QuEst+SVM	1685	0.354930	1713
JXNU/Emb+RNNLM+QuEst+SVM	1686	0.224731	975
JXNU/Emb+RNNLM+QuEst+SVM	1687	0.303796	1562
JXNU/Emb+RNNLM+QuEst+SVM	1688	0.122201	149
JXNU/Emb+RNNLM+QuEst+SVM	1689	0.197326	706
JXNU/Emb+RNNLM+QuEst+SVM	1690	0.203082	763
JXNU/Emb+RNNLM+QuEst+SVM	1691	0.203817	770
JXNU/Emb+RNNLM+QuEst+SVM	1692	0.263223	1319
JXNU/Emb+RNNLM+QuEst+SVM	1693	0.021136	3
JXNU/Emb+RNNLM+QuEst+SVM	1694	0.080792	45
JXNU/Emb+RNNLM+QuEst+SVM	1695	0.180314	525
JXNU/Emb+RNNLM+QuEst+SVM	1696	0.186407	582
JXNU/Emb+RNNLM+QuEst+SVM	1697	0.223923	963
JXNU/Emb+RNNLM+QuEst+SVM	1698	0.173189	456
JXNU/Emb+RNNLM+QuEst+SVM	1699	0.198960	725
JXNU/Emb+RNNLM+QuEst+SVM	1700	0.349905	1706
JXNU/Emb+RNNLM+QuEst+SVM	1701	0.275662	1405
JXNU/Emb+RNNLM+QuEst+SVM	1702	0.154381	321
JXNU/Emb+RNNLM+QuEst+SVM	1703	0.251522	1223
JXNU/Emb+RNNLM+QuEst+SVM	1704	0.378430	1748
JXNU/Emb+RNNLM+QuEst+SVM	1705	0.187574	602
JXNU/Emb+RNNLM+QuEst+SVM	1706	0.329796	1663
JXNU/Emb+RNNLM+QuEst+SVM	1707	0.151929	305
JXNU/Emb+RNNLM+QuEst+SVM	1708	0.405809	1772
JXNU/Emb+RNNLM+QuEst+SVM	1709	0.134361	206
JXNU/Emb+RNNLM+QuEst+SVM	1710	0.185644	575
JXNU/Emb+RNNLM+QuEst+SVM	1711	0.186726	587
JXNU/Emb+RNNLM+QuEst+SVM	1712	0.265463	1334
JXNU/Emb+RNNLM+QuEst+SVM	1713	0.444225	1793
JXNU/Emb+RNNLM+QuEst+SVM	1714	0.064672	29
JXNU/Emb+RNNLM+QuEst+SVM	1715	0.189367	629
JXNU/Emb+RNNLM+QuEst+SVM	1716	0.334723	1674
JXNU/Emb+RNNLM+QuEst+SVM	1717	0.168733	423
JXNU/Emb+RNNLM+QuEst+SVM	1718	0.199186	727
JXNU/Emb+RNNLM+QuEst+SVM	1719	0.282644	1454
JXNU/Emb+RNNLM+QuEst+SVM	1720	0.173664	459
JXNU/Emb+RNNLM+QuEst+SVM	1721	0.083941	56
JXNU/Emb+RNNLM+QuEst+SVM	1722	0.237687	1107
JXNU/Emb+RNNLM+QuEst+SVM	1723	0.228984	1017
JXNU/Emb+RNNLM+QuEst+SVM	1724	0.277160	1418
JXNU/Emb+RNNLM+QuEst+SVM	1725	0.103258	90
JXNU/Emb+RNNLM+QuEst+SVM	1726	0.174270	463
JXNU/Emb+RNNLM+QuEst+SVM	1727	0.240491	1134
JXNU/Emb+RNNLM+QuEst+SVM	1728	0.187854	606
JXNU/Emb+RNNLM+QuEst+SVM	1729	0.187676	603
JXNU/Emb+RNNLM+QuEst+SVM	1730	0.138882	224
JXNU/Emb+RNNLM+QuEst+SVM	1731	0.139929	231
JXNU/Emb+RNNLM+QuEst+SVM	1732	0.338678	1683
JXNU/Emb+RNNLM+QuEst+SVM	1733	0.310545	1591
JXNU/Emb+RNNLM+QuEst+SVM	1734	0.194393	677
JXNU/Emb+RNNLM+QuEst+SVM	1735	0.182312	542
JXNU/Emb+RNNLM+QuEst+SVM	1736	0.317145	1617
JXNU/Emb+RNNLM+QuEst+SVM	1737	0.268371	1365
JXNU/Emb+RNNLM+QuEst+SVM	1738	0.188372	613
JXNU/Emb+RNNLM+QuEst+SVM	1739	0.234809	1074
JXNU/Emb+RNNLM+QuEst+SVM	1740	0.174746	469
JXNU/Emb+RNNLM+QuEst+SVM	1741	0.160387	360
JXNU/Emb+RNNLM+QuEst+SVM	1742	0.140748	236
JXNU/Emb+RNNLM+QuEst+SVM	1743	0.187951	607
JXNU/Emb+RNNLM+QuEst+SVM	1744	0.150047	287
JXNU/Emb+RNNLM+QuEst+SVM	1745	0.235005	1077
JXNU/Emb+RNNLM+QuEst+SVM	1746	0.156339	337
JXNU/Emb+RNNLM+QuEst+SVM	1747	0.226924	998
JXNU/Emb+RNNLM+QuEst+SVM	1748	0.171793	445
JXNU/Emb+RNNLM+QuEst+SVM	1749	0.358924	1718
JXNU/Emb+RNNLM+QuEst+SVM	1750	0.145179	255
JXNU/Emb+RNNLM+QuEst+SVM	1751	0.186515	583
JXNU/Emb+RNNLM+QuEst+SVM	1752	0.402703	1769
JXNU/Emb+RNNLM+QuEst+SVM	1753	0.272580	1385
JXNU/Emb+RNNLM+QuEst+SVM	1754	0.248487	1202
JXNU/Emb+RNNLM+QuEst+SVM	1755	0.192476	656
JXNU/Emb+RNNLM+QuEst+SVM	1756	0.178577	507
JXNU/Emb+RNNLM+QuEst+SVM	1757	0.176681	489
JXNU/Emb+RNNLM+QuEst+SVM	1758	0.198149	716
JXNU/Emb+RNNLM+QuEst+SVM	1759	0.240497	1136
JXNU/Emb+RNNLM+QuEst+SVM	1760	0.156537	338
JXNU/Emb+RNNLM+QuEst+SVM	1761	0.208054	809
JXNU/Emb+RNNLM+QuEst+SVM	1762	0.190464	638
JXNU/Emb+RNNLM+QuEst+SVM	1763	0.260528	1300
JXNU/Emb+RNNLM+QuEst+SVM	1764	0.272887	1388
JXNU/Emb+RNNLM+QuEst+SVM	1765	0.121435	144
JXNU/Emb+RNNLM+QuEst+SVM	1766	0.126353	168
JXNU/Emb+RNNLM+QuEst+SVM	1767	0.202133	756
JXNU/Emb+RNNLM+QuEst+SVM	1768	0.254813	1257
JXNU/Emb+RNNLM+QuEst+SVM	1769	0.247246	1188
JXNU/Emb+RNNLM+QuEst+SVM	1770	0.165686	397
JXNU/Emb+RNNLM+QuEst+SVM	1771	0.238230	1112
JXNU/Emb+RNNLM+QuEst+SVM	1772	0.256982	1278
JXNU/Emb+RNNLM+QuEst+SVM	1773	0.230938	1036
JXNU/Emb+RNNLM+QuEst+SVM	1774	0.300042	1549
JXNU/Emb+RNNLM+QuEst+SVM	1775	0.241033	1143
JXNU/Emb+RNNLM+QuEst+SVM	1776	0.224062	969
JXNU/Emb+RNNLM+QuEst+SVM	1777	0.285454	1469
JXNU/Emb+RNNLM+QuEst+SVM	1778	0.171421	441
JXNU/Emb+RNNLM+QuEst+SVM	1779	0.034961	5
JXNU/Emb+RNNLM+QuEst+SVM	1780	0.138768	222
JXNU/Emb+RNNLM+QuEst+SVM	1781	0.184902	565
JXNU/Emb+RNNLM+QuEst+SVM	1782	0.116525	123
JXNU/Emb+RNNLM+QuEst+SVM	1783	0.116534	124
JXNU/Emb+RNNLM+QuEst+SVM	1784	0.188361	612
JXNU/Emb+RNNLM+QuEst+SVM	1785	0.254665	1254
JXNU/Emb+RNNLM+QuEst+SVM	1786	0.314110	1607
JXNU/Emb+RNNLM+QuEst+SVM	1787	0.204878	787
JXNU/Emb+RNNLM+QuEst+SVM	1788	0.151127	301
JXNU/Emb+RNNLM+QuEst+SVM	1789	0.203535	767
JXNU/Emb+RNNLM+QuEst+SVM	1790	0.185220	569
JXNU/Emb+RNNLM+QuEst+SVM	1791	0.208047	808
JXNU/Emb+RNNLM+QuEst+SVM	1792	0.227965	1009
JXNU/Emb+RNNLM+QuEst+SVM	1793	0.102279	87
JXNU/Emb+RNNLM+QuEst+SVM	1794	0.162438	374
JXNU/Emb+RNNLM+QuEst+SVM	1795	0.200278	737
JXNU/Emb+RNNLM+QuEst+SVM	1796	0.163882	383
JXNU/Emb+RNNLM+QuEst+SVM	1797	0.252857	1235
JXNU/Emb+RNNLM+QuEst+SVM	1798	0.108824	102
JXNU/Emb+RNNLM+QuEst+SVM	1799	0.267590	1355
JXNU/Emb+RNNLM+QuEst+SVM	1800	0.218768	921
JXNU/Emb+RNNLM+QuEst+SVM	1801	0.196037	697
JXNU/Emb+RNNLM+QuEst+SVM	1802	0.328078	1654
JXNU/Emb+RNNLM+QuEst+SVM	1803	0.183429	555
JXNU/Emb+RNNLM+QuEst+SVM	1804	0.272207	1382
JXNU/Emb+RNNLM+QuEst+SVM	1805	0.306104	1573
JXNU/Emb+RNNLM+QuEst+SVM	1806	0.267811	1356
JXNU/Emb+RNNLM+QuEst+SVM	1807	0.199415	729
JXNU/Emb+RNNLM+QuEst+SVM	1808	0.072152	36
JXNU/Emb+RNNLM+QuEst+SVM	1809	0.298002	1541
JXNU/Emb+RNNLM+QuEst+SVM	1810	0.209682	827
JXNU/Emb+RNNLM+QuEst+SVM	1811	0.199619	731
JXNU/Emb+RNNLM+QuEst+SVM	1812	0.206830	796
JXNU/Emb+RNNLM+QuEst+SVM	1813	0.185978	579
JXNU/Emb+RNNLM+QuEst+SVM	1814	0.175419	479
JXNU/Emb+RNNLM+QuEst+SVM	1815	0.143869	250
JXNU/Emb+RNNLM+QuEst+SVM	1816	0.327171	1648
JXNU/Emb+RNNLM+QuEst+SVM	1817	0.211545	844
